ID,REGION_PARENT,REGION_CHILD,NX,NY
1,서울특별시,,60,127
2,서울특별시,종로구,60,127
3,서울특별시,종로구,60,127
4,서울특별시,종로구,60,127
5,서울특별시,종로구,60,127
6,서울특별시,종로구,60,127
7,서울특별시,종로구,60,127
8,서울특별시,종로구,60,127
9,서울특별시,종로구,60,127
10,서울특별시,종로구,60,127
11,서울특별시,종로구,60,127
12,서울특별시,종로구,60,127
13,서울특별시,종로구,60,127
14,서울특별시,종로구,60,127
15,서울특별시,종로구,61,127
16,서울특별시,종로구,60,127
17,서울특별시,종로구,60,127
18,서울특별시,종로구,60,127
19,서울특별시,종로구,61,127
20,서울특별시,중구,60,127
21,서울특별시,중구,60,127
22,서울특별시,중구,60,126
23,서울특별시,중구,60,127
24,서울특별시,중구,60,127
25,서울특별시,중구,60,127
26,서울특별시,중구,60,127
27,서울특별시,중구,60,127
28,서울특별시,중구,60,127
29,서울특별시,중구,60,126
30,서울특별시,중구,60,126
31,서울특별시,중구,60,126
32,서울특별시,중구,61,127
33,서울특별시,중구,61,127
34,서울특별시,중구,61,127
35,서울특별시,중구,60,126
36,서울특별시,용산구,60,126
37,서울특별시,용산구,60,126
38,서울특별시,용산구,60,126
39,서울특별시,용산구,60,126
40,서울특별시,용산구,60,126
41,서울특별시,용산구,60,126
42,서울특별시,용산구,59,126
43,서울특별시,용산구,60,126
44,서울특별시,용산구,60,126
45,서울특별시,용산구,60,126
46,서울특별시,용산구,60,126
47,서울특별시,용산구,59,126
48,서울특별시,용산구,60,126
49,서울특별시,용산구,60,126
50,서울특별시,용산구,60,126
51,서울특별시,용산구,60,126
52,서울특별시,용산구,60,126
53,서울특별시,성동구,61,127
54,서울특별시,성동구,61,127
55,서울특별시,성동구,61,127
56,서울특별시,성동구,61,127
57,서울특별시,성동구,61,127
58,서울특별시,성동구,61,126
59,서울특별시,성동구,61,126
60,서울특별시,성동구,61,126
61,서울특별시,성동구,61,126
62,서울특별시,성동구,61,126
63,서울특별시,성동구,61,126
64,서울특별시,성동구,60,126
65,서울특별시,성동구,61,126
66,서울특별시,성동구,61,126
67,서울특별시,성동구,61,126
68,서울특별시,성동구,61,126
69,서울특별시,성동구,61,126
70,서울특별시,성동구,61,127
71,서울특별시,광진구,62,126
72,서울특별시,광진구,61,126
73,서울특별시,광진구,62,126
74,서울특별시,광진구,62,127
75,서울특별시,광진구,62,127
76,서울특별시,광진구,62,127
77,서울특별시,광진구,62,127
78,서울특별시,광진구,62,126
79,서울특별시,광진구,62,126
80,서울특별시,광진구,62,126
81,서울특별시,광진구,62,126
82,서울특별시,광진구,61,126
83,서울특별시,광진구,61,126
84,서울특별시,광진구,62,126
85,서울특별시,광진구,62,126
86,서울특별시,광진구,62,126
87,서울특별시,동대문구,61,127
88,서울특별시,동대문구,61,127
89,서울특별시,동대문구,61,127
90,서울특별시,동대문구,61,127
91,서울특별시,동대문구,61,127
92,서울특별시,동대문구,61,127
93,서울특별시,동대문구,61,127
94,서울특별시,동대문구,61,127
95,서울특별시,동대문구,61,127
96,서울특별시,동대문구,61,127
97,서울특별시,동대문구,61,127
98,서울특별시,동대문구,61,127
99,서울특별시,동대문구,61,127
100,서울특별시,동대문구,61,127
101,서울특별시,동대문구,61,127
102,서울특별시,중랑구,62,128
103,서울특별시,중랑구,62,127
104,서울특별시,중랑구,62,127
105,서울특별시,중랑구,62,127
106,서울특별시,중랑구,62,127
107,서울특별시,중랑구,62,127
108,서울특별시,중랑구,62,127
109,서울특별시,중랑구,62,127
110,서울특별시,중랑구,62,127
111,서울특별시,중랑구,62,127
112,서울특별시,중랑구,62,127
113,서울특별시,중랑구,62,128
114,서울특별시,중랑구,62,128
115,서울특별시,중랑구,62,127
116,서울특별시,중랑구,62,127
117,서울특별시,중랑구,62,128
118,서울특별시,중랑구,62,128
119,서울특별시,성북구,61,127
120,서울특별시,성북구,60,127
121,서울특별시,성북구,60,127
122,서울특별시,성북구,61,127
123,서울특별시,성북구,61,127
124,서울특별시,성북구,60,127
125,서울특별시,성북구,61,127
126,서울특별시,성북구,61,127
127,서울특별시,성북구,60,127
128,서울특별시,성북구,60,127
129,서울특별시,성북구,60,128
130,서울특별시,성북구,60,128
131,서울특별시,성북구,61,127
132,서울특별시,성북구,61,128
133,서울특별시,성북구,61,127
134,서울특별시,성북구,61,128
135,서울특별시,성북구,61,127
136,서울특별시,성북구,61,128
137,서울특별시,성북구,61,128
138,서울특별시,성북구,61,128
139,서울특별시,성북구,61,128
140,서울특별시,강북구,61,128
141,서울특별시,강북구,61,128
142,서울특별시,강북구,61,128
143,서울특별시,강북구,61,128
144,서울특별시,강북구,61,128
145,서울특별시,강북구,61,128
146,서울특별시,강북구,61,128
147,서울특별시,강북구,61,128
148,서울특별시,강북구,61,128
149,서울특별시,강북구,60,128
150,서울특별시,강북구,61,128
151,서울특별시,강북구,61,128
152,서울특별시,강북구,60,128
153,서울특별시,강북구,60,128
154,서울특별시,도봉구,61,129
155,서울특별시,도봉구,61,128
156,서울특별시,도봉구,61,128
157,서울특별시,도봉구,61,128
158,서울특별시,도봉구,61,129
159,서울특별시,도봉구,61,129
160,서울특별시,도봉구,61,129
161,서울특별시,도봉구,61,129
162,서울특별시,도봉구,61,128
163,서울특별시,도봉구,61,129
164,서울특별시,도봉구,61,128
165,서울특별시,도봉구,61,129
166,서울특별시,도봉구,61,129
167,서울특별시,도봉구,61,129
168,서울특별시,도봉구,61,129
169,서울특별시,노원구,61,129
170,서울특별시,노원구,61,128
171,서울특별시,노원구,61,128
172,서울특별시,노원구,61,128
173,서울특별시,노원구,61,128
174,서울특별시,노원구,62,128
175,서울특별시,노원구,61,128
176,서울특별시,노원구,61,128
177,서울특별시,노원구,62,128
178,서울특별시,노원구,62,129
179,서울특별시,노원구,62,129
180,서울특별시,노원구,61,128
181,서울특별시,노원구,61,129
182,서울특별시,노원구,61,129
183,서울특별시,노원구,61,129
184,서울특별시,노원구,61,129
185,서울특별시,노원구,61,129
186,서울특별시,노원구,61,129
187,서울특별시,노원구,61,129
188,서울특별시,노원구,61,129
189,서울특별시,은평구,59,127
190,서울특별시,은평구,59,127
191,서울특별시,은평구,59,128
192,서울특별시,은평구,59,128
193,서울특별시,은평구,59,128
194,서울특별시,은평구,59,128
195,서울특별시,은평구,59,128
196,서울특별시,은평구,59,128
197,서울특별시,은평구,59,127
198,서울특별시,은평구,59,127
199,서울특별시,은평구,59,127
200,서울특별시,은평구,59,127
201,서울특별시,은평구,59,127
202,서울특별시,은평구,59,127
203,서울특별시,은평구,59,127
204,서울특별시,은평구,58,127
205,서울특별시,은평구,59,128
206,서울특별시,서대문구,59,127
207,서울특별시,서대문구,60,127
208,서울특별시,서대문구,59,126
209,서울특별시,서대문구,59,127
210,서울특별시,서대문구,59,126
211,서울특별시,서대문구,59,127
212,서울특별시,서대문구,59,127
213,서울특별시,서대문구,59,127
214,서울특별시,서대문구,59,127
215,서울특별시,서대문구,59,127
216,서울특별시,서대문구,59,127
217,서울특별시,서대문구,59,127
218,서울특별시,서대문구,59,127
219,서울특별시,서대문구,59,127
220,서울특별시,서대문구,59,127
221,서울특별시,마포구,59,127
222,서울특별시,마포구,59,126
223,서울특별시,마포구,60,126
224,서울특별시,마포구,59,126
225,서울특별시,마포구,59,126
226,서울특별시,마포구,59,126
227,서울특별시,마포구,59,126
228,서울특별시,마포구,59,126
229,서울특별시,마포구,59,126
230,서울특별시,마포구,59,126
231,서울특별시,마포구,59,126
232,서울특별시,마포구,59,126
233,서울특별시,마포구,59,126
234,서울특별시,마포구,59,127
235,서울특별시,마포구,59,127
236,서울특별시,마포구,59,127
237,서울특별시,마포구,58,127
238,서울특별시,양천구,58,126
239,서울특별시,양천구,58,126
240,서울특별시,양천구,58,126
241,서울특별시,양천구,58,126
242,서울특별시,양천구,58,126
243,서울특별시,양천구,58,126
244,서울특별시,양천구,57,126
245,서울특별시,양천구,58,126
246,서울특별시,양천구,57,126
247,서울특별시,양천구,57,126
248,서울특별시,양천구,57,126
249,서울특별시,양천구,58,126
250,서울특별시,양천구,57,126
251,서울특별시,양천구,58,126
252,서울특별시,양천구,58,126
253,서울특별시,양천구,58,126
254,서울특별시,양천구,58,126
255,서울특별시,양천구,58,126
256,서울특별시,양천구,58,125
257,서울특별시,강서구,58,126
258,서울특별시,강서구,58,126
259,서울특별시,강서구,58,126
260,서울특별시,강서구,58,126
261,서울특별시,강서구,58,126
262,서울특별시,강서구,58,126
263,서울특별시,강서구,58,126
264,서울특별시,강서구,57,126
265,서울특별시,강서구,58,126
266,서울특별시,강서구,58,126
267,서울특별시,강서구,58,126
268,서울특별시,강서구,58,126
269,서울특별시,강서구,57,127
270,서울특별시,강서구,58,127
271,서울특별시,강서구,58,127
272,서울특별시,강서구,57,126
273,서울특별시,강서구,58,126
274,서울특별시,강서구,57,126
275,서울특별시,강서구,57,127
276,서울특별시,강서구,57,127
277,서울특별시,강서구,57,127
278,서울특별시,구로구,58,125
279,서울특별시,구로구,58,125
280,서울특별시,구로구,58,125
281,서울특별시,구로구,58,125
282,서울특별시,구로구,58,125
283,서울특별시,구로구,58,125
284,서울특별시,구로구,58,125
285,서울특별시,구로구,58,125
286,서울특별시,구로구,58,125
287,서울특별시,구로구,58,125
288,서울특별시,구로구,58,125
289,서울특별시,구로구,58,125
290,서울특별시,구로구,58,125
291,서울특별시,구로구,58,125
292,서울특별시,구로구,57,125
293,서울특별시,구로구,57,125
294,서울특별시,구로구,57,125
295,서울특별시,금천구,59,124
296,서울특별시,금천구,58,125
297,서울특별시,금천구,58,125
298,서울특별시,금천구,59,124
299,서울특별시,금천구,59,125
300,서울특별시,금천구,59,124
301,서울특별시,금천구,58,124
302,서울특별시,금천구,59,124
303,서울특별시,금천구,59,124
304,서울특별시,금천구,59,124
305,서울특별시,금천구,59,124
306,서울특별시,영등포구,58,126
307,서울특별시,영등포구,59,126
308,서울특별시,영등포구,59,126
309,서울특별시,영등포구,59,126
310,서울특별시,영등포구,58,126
311,서울특별시,영등포구,59,126
312,서울특별시,영등포구,59,125
313,서울특별시,영등포구,59,126
314,서울특별시,영등포구,58,126
315,서울특별시,영등포구,58,126
316,서울특별시,영등포구,59,125
317,서울특별시,영등포구,59,125
318,서울특별시,영등포구,59,125
319,서울특별시,영등포구,59,125
320,서울특별시,영등포구,59,125
321,서울특별시,영등포구,59,125
322,서울특별시,영등포구,59,125
323,서울특별시,영등포구,58,125
324,서울특별시,영등포구,58,125
325,서울특별시,동작구,59,125
326,서울특별시,동작구,59,125
327,서울특별시,동작구,59,125
328,서울특별시,동작구,59,125
329,서울특별시,동작구,59,125
330,서울특별시,동작구,59,125
331,서울특별시,동작구,59,125
332,서울특별시,동작구,60,125
333,서울특별시,동작구,60,125
334,서울특별시,동작구,60,125
335,서울특별시,동작구,60,125
336,서울특별시,동작구,60,125
337,서울특별시,동작구,60,125
338,서울특별시,동작구,59,125
339,서울특별시,동작구,59,125
340,서울특별시,동작구,59,125
341,서울특별시,관악구,59,125
342,서울특별시,관악구,59,125
343,서울특별시,관악구,59,125
344,서울특별시,관악구,59,125
345,서울특별시,관악구,59,125
346,서울특별시,관악구,60,125
347,서울특별시,관악구,59,125
348,서울특별시,관악구,59,125
349,서울특별시,관악구,59,125
350,서울특별시,관악구,59,125
351,서울특별시,관악구,60,125
352,서울특별시,관악구,59,125
353,서울특별시,관악구,59,125
354,서울특별시,관악구,59,125
355,서울특별시,관악구,59,125
356,서울특별시,관악구,59,125
357,서울특별시,관악구,59,124
358,서울특별시,관악구,59,125
359,서울특별시,관악구,59,125
360,서울특별시,관악구,59,125
361,서울특별시,관악구,59,125
362,서울특별시,관악구,59,125
363,서울특별시,서초구,61,125
364,서울특별시,서초구,61,125
365,서울특별시,서초구,61,125
366,서울특별시,서초구,60,125
367,서울특별시,서초구,61,125
368,서울특별시,서초구,60,126
369,서울특별시,서초구,60,125
370,서울특별시,서초구,60,125
371,서울특별시,서초구,60,125
372,서울특별시,서초구,60,125
373,서울특별시,서초구,60,125
374,서울특별시,서초구,60,125
375,서울특별시,서초구,60,125
376,서울특별시,서초구,60,125
377,서울특별시,서초구,60,125
378,서울특별시,서초구,60,125
379,서울특별시,서초구,61,125
380,서울특별시,서초구,61,125
381,서울특별시,서초구,61,124
382,서울특별시,강남구,61,126
383,서울특별시,강남구,61,126
384,서울특별시,강남구,61,125
385,서울특별시,강남구,61,126
386,서울특별시,강남구,61,126
387,서울특별시,강남구,61,126
388,서울특별시,강남구,61,125
389,서울특별시,강남구,61,125
390,서울특별시,강남구,61,125
391,서울특별시,강남구,61,125
392,서울특별시,강남구,61,125
393,서울특별시,강남구,61,125
394,서울특별시,강남구,61,125
395,서울특별시,강남구,61,125
396,서울특별시,강남구,61,125
397,서울특별시,강남구,61,125
398,서울특별시,강남구,62,125
399,서울특별시,강남구,62,125
400,서울특별시,강남구,61,125
401,서울특별시,강남구,62,125
402,서울특별시,강남구,62,125
403,서울특별시,강남구,62,125
404,서울특별시,강남구,62,125
405,서울특별시,송파구,62,126
406,서울특별시,송파구,62,126
407,서울특별시,송파구,62,126
408,서울특별시,송파구,63,125
409,서울특별시,송파구,63,125
410,서울특별시,송파구,63,125
411,서울특별시,송파구,63,125
412,서울특별시,송파구,62,125
413,서울특별시,송파구,62,126
414,서울특별시,송파구,63,126
415,서울특별시,송파구,62,125
416,서울특별시,송파구,62,125
417,서울특별시,송파구,62,125
418,서울특별시,송파구,62,125
419,서울특별시,송파구,62,125
420,서울특별시,송파구,62,125
421,서울특별시,송파구,62,125
422,서울특별시,송파구,62,125
423,서울특별시,송파구,62,125
424,서울특별시,송파구,62,125
425,서울특별시,송파구,63,125
426,서울특별시,송파구,63,125
427,서울특별시,송파구,62,125
428,서울특별시,송파구,62,126
429,서울특별시,송파구,62,125
430,서울특별시,송파구,62,126
431,서울특별시,송파구,62,126
432,서울특별시,송파구,62,125
433,서울특별시,강동구,62,126
434,서울특별시,강동구,63,127
435,서울특별시,강동구,63,126
436,서울특별시,강동구,63,126
437,서울특별시,강동구,63,126
438,서울특별시,강동구,63,126
439,서울특별시,강동구,63,127
440,서울특별시,강동구,63,127
441,서울특별시,강동구,63,126
442,서울특별시,강동구,62,126
443,서울특별시,강동구,63,126
444,서울특별시,강동구,63,126
445,서울특별시,강동구,62,126
446,서울특별시,강동구,62,126
447,서울특별시,강동구,62,126
448,서울특별시,강동구,62,126
449,서울특별시,강동구,63,126
450,서울특별시,강동구,63,126
451,서울특별시,강동구,63,126
452,서울특별시,강동구,63,126
453,부산광역시,,98,76
454,부산광역시,중구,97,74
455,부산광역시,중구,97,74
456,부산광역시,중구,97,74
457,부산광역시,중구,97,74
458,부산광역시,중구,97,74
459,부산광역시,중구,97,74
460,부산광역시,중구,97,74
461,부산광역시,중구,97,74
462,부산광역시,중구,97,74
463,부산광역시,중구,97,74
464,부산광역시,서구,97,74
465,부산광역시,서구,97,74
466,부산광역시,서구,97,74
467,부산광역시,서구,97,74
468,부산광역시,서구,97,74
469,부산광역시,서구,97,74
470,부산광역시,서구,97,74
471,부산광역시,서구,97,74
472,부산광역시,서구,97,74
473,부산광역시,서구,97,74
474,부산광역시,서구,97,74
475,부산광역시,서구,97,74
476,부산광역시,서구,97,74
477,부산광역시,서구,97,73
478,부산광역시,동구,98,75
479,부산광역시,동구,97,74
480,부산광역시,동구,97,74
481,부산광역시,동구,97,74
482,부산광역시,동구,97,74
483,부산광역시,동구,97,74
484,부산광역시,동구,97,75
485,부산광역시,동구,97,75
486,부산광역시,동구,97,75
487,부산광역시,동구,98,75
488,부산광역시,동구,98,75
489,부산광역시,동구,98,75
490,부산광역시,동구,98,75
491,부산광역시,영도구,98,74
492,부산광역시,영도구,97,74
493,부산광역시,영도구,97,74
494,부산광역시,영도구,97,74
495,부산광역시,영도구,97,74
496,부산광역시,영도구,97,74
497,부산광역시,영도구,97,74
498,부산광역시,영도구,98,74
499,부산광역시,영도구,98,74
500,부산광역시,영도구,98,73
501,부산광역시,영도구,98,73
502,부산광역시,영도구,98,74
503,부산광역시,부산진구,97,75
504,부산광역시,부산진구,98,75
505,부산광역시,부산진구,98,75
506,부산광역시,부산진구,97,76
507,부산광역시,부산진구,97,76
508,부산광역시,부산진구,98,76
509,부산광역시,부산진구,98,76
510,부산광역시,부산진구,98,75
511,부산광역시,부산진구,98,75
512,부산광역시,부산진구,97,75
513,부산광역시,부산진구,97,75
514,부산광역시,부산진구,97,75
515,부산광역시,부산진구,97,75
516,부산광역시,부산진구,97,75
517,부산광역시,부산진구,97,75
518,부산광역시,부산진구,97,75
519,부산광역시,부산진구,97,75
520,부산광역시,부산진구,97,75
521,부산광역시,부산진구,97,75
522,부산광역시,부산진구,98,75
523,부산광역시,부산진구,98,75
524,부산광역시,동래구,98,76
525,부산광역시,동래구,98,76
526,부산광역시,동래구,98,76
527,부산광역시,동래구,98,77
528,부산광역시,동래구,98,77
529,부산광역시,동래구,98,76
530,부산광역시,동래구,98,76
531,부산광역시,동래구,98,76
532,부산광역시,동래구,98,76
533,부산광역시,동래구,98,76
534,부산광역시,동래구,98,76
535,부산광역시,동래구,98,76
536,부산광역시,동래구,98,76
537,부산광역시,동래구,98,76
538,부산광역시,남구,98,75
539,부산광역시,남구,98,75
540,부산광역시,남구,98,75
541,부산광역시,남구,98,75
542,부산광역시,남구,98,75
543,부산광역시,남구,98,75
544,부산광역시,남구,99,74
545,부산광역시,남구,99,74
546,부산광역시,남구,99,74
547,부산광역시,남구,99,74
548,부산광역시,남구,98,74
549,부산광역시,남구,98,74
550,부산광역시,남구,98,74
551,부산광역시,남구,98,75
552,부산광역시,남구,98,75
553,부산광역시,남구,98,75
554,부산광역시,남구,98,75
555,부산광역시,남구,98,75
556,부산광역시,북구,96,76
557,부산광역시,북구,97,76
558,부산광역시,북구,96,76
559,부산광역시,북구,97,76
560,부산광역시,북구,97,77
561,부산광역시,북구,97,77
562,부산광역시,북구,97,77
563,부산광역시,북구,97,77
564,부산광역시,북구,97,76
565,부산광역시,북구,97,76
566,부산광역시,북구,97,76
567,부산광역시,북구,97,76
568,부산광역시,북구,97,76
569,부산광역시,북구,97,76
570,부산광역시,해운대구,99,75
571,부산광역시,해운대구,99,75
572,부산광역시,해운대구,99,76
573,부산광역시,해운대구,99,75
574,부산광역시,해운대구,99,75
575,부산광역시,해운대구,100,75
576,부산광역시,해운대구,100,76
577,부산광역시,해운대구,100,76
578,부산광역시,해운대구,100,76
579,부산광역시,해운대구,100,76
580,부산광역시,해운대구,100,76
581,부산광역시,해운대구,99,76
582,부산광역시,해운대구,99,76
583,부산광역시,해운대구,99,76
584,부산광역시,해운대구,99,76
585,부산광역시,해운대구,99,77
586,부산광역시,해운대구,99,77
587,부산광역시,해운대구,99,76
588,부산광역시,해운대구,99,76
589,부산광역시,사하구,96,74
590,부산광역시,사하구,96,74
591,부산광역시,사하구,97,74
592,부산광역시,사하구,97,74
593,부산광역시,사하구,96,74
594,부산광역시,사하구,96,74
595,부산광역시,사하구,96,74
596,부산광역시,사하구,96,74
597,부산광역시,사하구,96,74
598,부산광역시,사하구,96,74
599,부산광역시,사하구,96,73
600,부산광역시,사하구,96,73
601,부산광역시,사하구,96,73
602,부산광역시,사하구,96,73
603,부산광역시,사하구,96,73
604,부산광역시,사하구,97,74
605,부산광역시,사하구,97,74
606,부산광역시,금정구,98,77
607,부산광역시,금정구,98,77
608,부산광역시,금정구,98,76
609,부산광역시,금정구,98,76
610,부산광역시,금정구,98,77
611,부산광역시,금정구,98,77
612,부산광역시,금정구,98,77
613,부산광역시,금정구,98,77
614,부산광역시,금정구,98,77
615,부산광역시,금정구,98,77
616,부산광역시,금정구,98,77
617,부산광역시,금정구,98,78
618,부산광역시,금정구,98,78
619,부산광역시,금정구,98,78
620,부산광역시,금정구,98,77
621,부산광역시,금정구,98,77
622,부산광역시,금정구,97,77
623,부산광역시,강서구,96,76
624,부산광역시,강서구,96,76
625,부산광역시,강서구,96,76
626,부산광역시,강서구,95,76
627,부산광역시,강서구,95,74
628,부산광역시,강서구,95,74
629,부산광역시,강서구,95,76
630,부산광역시,강서구,94,74
631,부산광역시,강서구,93,73
632,부산광역시,연제구,98,76
633,부산광역시,연제구,98,76
634,부산광역시,연제구,98,76
635,부산광역시,연제구,98,76
636,부산광역시,연제구,98,76
637,부산광역시,연제구,98,76
638,부산광역시,연제구,98,76
639,부산광역시,연제구,98,76
640,부산광역시,연제구,98,76
641,부산광역시,연제구,98,76
642,부산광역시,연제구,98,76
643,부산광역시,연제구,98,76
644,부산광역시,연제구,98,76
645,부산광역시,수영구,99,75
646,부산광역시,수영구,99,75
647,부산광역시,수영구,99,75
648,부산광역시,수영구,99,76
649,부산광역시,수영구,98,76
650,부산광역시,수영구,99,76
651,부산광역시,수영구,99,75
652,부산광역시,수영구,99,75
653,부산광역시,수영구,99,75
654,부산광역시,수영구,99,75
655,부산광역시,수영구,99,75
656,부산광역시,사상구,96,75
657,부산광역시,사상구,96,76
658,부산광역시,사상구,96,76
659,부산광역시,사상구,96,76
660,부산광역시,사상구,96,75
661,부산광역시,사상구,96,76
662,부산광역시,사상구,96,75
663,부산광역시,사상구,96,75
664,부산광역시,사상구,97,75
665,부산광역시,사상구,97,75
666,부산광역시,사상구,97,75
667,부산광역시,사상구,96,75
668,부산광역시,사상구,96,75
669,부산광역시,기장군,100,77
670,부산광역시,기장군,100,77
671,부산광역시,기장군,101,79
672,부산광역시,기장군,100,79
673,부산광역시,기장군,101,78
674,부산광역시,기장군,99,78
675,대구광역시,,89,90
676,대구광역시,중구,89,90
677,대구광역시,중구,89,91
678,대구광역시,중구,89,90
679,대구광역시,중구,89,90
680,대구광역시,중구,89,90
681,대구광역시,중구,89,90
682,대구광역시,중구,89,90
683,대구광역시,중구,89,90
684,대구광역시,중구,89,90
685,대구광역시,중구,89,90
686,대구광역시,중구,89,90
687,대구광역시,중구,89,90
688,대구광역시,중구,89,90
689,대구광역시,동구,90,91
690,대구광역시,동구,89,91
691,대구광역시,동구,89,91
692,대구광역시,동구,89,91
693,대구광역시,동구,89,91
694,대구광역시,동구,89,91
695,대구광역시,동구,89,90
696,대구광역시,동구,89,91
697,대구광역시,동구,89,90
698,대구광역시,동구,90,91
699,대구광역시,동구,90,91
700,대구광역시,동구,90,91
701,대구광역시,동구,90,91
702,대구광역시,동구,90,91
703,대구광역시,동구,90,91
704,대구광역시,동구,90,91
705,대구광역시,동구,90,91
706,대구광역시,동구,91,90
707,대구광역시,동구,90,91
708,대구광역시,동구,91,91
709,대구광역시,동구,91,91
710,대구광역시,동구,91,91
711,대구광역시,동구,90,92
712,대구광역시,서구,88,90
713,대구광역시,서구,88,90
714,대구광역시,서구,88,90
715,대구광역시,서구,88,90
716,대구광역시,서구,88,91
717,대구광역시,서구,88,91
718,대구광역시,서구,88,90
719,대구광역시,서구,88,91
720,대구광역시,서구,88,91
721,대구광역시,서구,88,91
722,대구광역시,서구,88,91
723,대구광역시,서구,88,90
724,대구광역시,서구,88,91
725,대구광역시,서구,88,90
726,대구광역시,서구,88,90
727,대구광역시,서구,88,91
728,대구광역시,서구,88,90
729,대구광역시,서구,88,91
730,대구광역시,남구,89,90
731,대구광역시,남구,89,90
732,대구광역시,남구,89,90
733,대구광역시,남구,89,90
734,대구광역시,남구,89,90
735,대구광역시,남구,89,90
736,대구광역시,남구,89,90
737,대구광역시,남구,89,90
738,대구광역시,남구,88,90
739,대구광역시,남구,89,90
740,대구광역시,남구,88,90
741,대구광역시,남구,89,90
742,대구광역시,남구,88,90
743,대구광역시,남구,88,90
744,대구광역시,북구,89,91
745,대구광역시,북구,89,91
746,대구광역시,북구,89,91
747,대구광역시,북구,89,91
748,대구광역시,북구,89,91
749,대구광역시,북구,89,91
750,대구광역시,북구,89,91
751,대구광역시,북구,89,91
752,대구광역시,북구,89,91
753,대구광역시,북구,89,91
754,대구광역시,북구,89,91
755,대구광역시,북구,89,91
756,대구광역시,북구,89,91
757,대구광역시,북구,89,91
758,대구광역시,북구,89,92
759,대구광역시,북구,88,91
760,대구광역시,북구,88,92
761,대구광역시,북구,88,92
762,대구광역시,북구,88,92
763,대구광역시,북구,88,92
764,대구광역시,북구,88,92
765,대구광역시,북구,88,92
766,대구광역시,북구,89,91
767,대구광역시,북구,88,92
768,대구광역시,수성구,89,90
769,대구광역시,수성구,89,90
770,대구광역시,수성구,89,90
771,대구광역시,수성구,89,90
772,대구광역시,수성구,90,90
773,대구광역시,수성구,90,91
774,대구광역시,수성구,90,90
775,대구광역시,수성구,90,90
776,대구광역시,수성구,89,90
777,대구광역시,수성구,89,90
778,대구광역시,수성구,89,90
779,대구광역시,수성구,90,90
780,대구광역시,수성구,89,90
781,대구광역시,수성구,89,90
782,대구광역시,수성구,89,90
783,대구광역시,수성구,89,89
784,대구광역시,수성구,89,90
785,대구광역시,수성구,90,89
786,대구광역시,수성구,89,89
787,대구광역시,수성구,90,89
788,대구광역시,수성구,90,89
789,대구광역시,수성구,91,90
790,대구광역시,수성구,91,90
791,대구광역시,수성구,91,90
792,대구광역시,달서구,88,90
793,대구광역시,달서구,88,90
794,대구광역시,달서구,89,90
795,대구광역시,달서구,88,90
796,대구광역시,달서구,88,90
797,대구광역시,달서구,88,90
798,대구광역시,달서구,88,90
799,대구광역시,달서구,88,90
800,대구광역시,달서구,88,90
801,대구광역시,달서구,87,90
802,대구광역시,달서구,87,90
803,대구광역시,달서구,87,90
804,대구광역시,달서구,88,90
805,대구광역시,달서구,88,89
806,대구광역시,달서구,88,90
807,대구광역시,달서구,88,89
808,대구광역시,달서구,87,89
809,대구광역시,달서구,88,89
810,대구광역시,달서구,88,89
811,대구광역시,달서구,88,89
812,대구광역시,달서구,88,89
813,대구광역시,달서구,88,90
814,대구광역시,달서구,88,90
815,대구광역시,달서구,88,90
816,대구광역시,달성군,86,88
817,대구광역시,달성군,87,89
818,대구광역시,달성군,86,88
819,대구광역시,달성군,86,90
820,대구광역시,달성군,87,87
821,대구광역시,달성군,87,89
822,대구광역시,달성군,86,87
823,대구광역시,달성군,89,89
824,대구광역시,달성군,86,91
825,대구광역시,달성군,86,86
826,대구광역시,군위군,88,99
827,대구광역시,군위군,88,98
828,대구광역시,군위군,86,99
829,대구광역시,군위군,88,97
830,대구광역시,군위군,90,95
831,대구광역시,군위군,90,98
832,대구광역시,군위군,91,97
833,대구광역시,군위군,90,96
834,대구광역시,군위군,92,96
835,인천광역시,,55,124
836,인천광역시,중구,54,125
837,인천광역시,중구,53,124
838,인천광역시,중구,54,125
839,인천광역시,중구,54,124
840,인천광역시,중구,54,124
841,인천광역시,중구,54,124
842,인천광역시,중구,54,125
843,인천광역시,중구,54,125
844,인천광역시,중구,52,125
845,인천광역시,중구,53,125
846,인천광역시,중구,53,125
847,인천광역시,중구,51,125
848,인천광역시,중구,50,124
849,인천광역시,동구,54,125
850,인천광역시,동구,54,125
851,인천광역시,동구,54,125
852,인천광역시,동구,54,125
853,인천광역시,동구,54,125
854,인천광역시,동구,54,125
855,인천광역시,동구,54,125
856,인천광역시,동구,54,125
857,인천광역시,동구,54,125
858,인천광역시,동구,54,125
859,인천광역시,동구,54,125
860,인천광역시,동구,54,125
861,인천광역시,미추홀구,54,124
862,인천광역시,미추홀구,54,124
863,인천광역시,미추홀구,54,125
864,인천광역시,미추홀구,54,124
865,인천광역시,미추홀구,54,124
866,인천광역시,미추홀구,54,124
867,인천광역시,미추홀구,54,124
868,인천광역시,미추홀구,54,124
869,인천광역시,미추홀구,54,124
870,인천광역시,미추홀구,55,124
871,인천광역시,미추홀구,55,124
872,인천광역시,미추홀구,54,125
873,인천광역시,미추홀구,55,124
874,인천광역시,미추홀구,55,124
875,인천광역시,미추홀구,55,124
876,인천광역시,미추홀구,55,124
877,인천광역시,미추홀구,55,124
878,인천광역시,미추홀구,55,124
879,인천광역시,미추홀구,55,124
880,인천광역시,미추홀구,55,124
881,인천광역시,미추홀구,55,124
882,인천광역시,미추홀구,55,124
883,인천광역시,연수구,55,123
884,인천광역시,연수구,54,124
885,인천광역시,연수구,54,124
886,인천광역시,연수구,55,123
887,인천광역시,연수구,55,123
888,인천광역시,연수구,55,123
889,인천광역시,연수구,55,123
890,인천광역시,연수구,55,124
891,인천광역시,연수구,55,123
892,인천광역시,연수구,55,123
893,인천광역시,연수구,55,123
894,인천광역시,연수구,54,123
895,인천광역시,연수구,54,123
896,인천광역시,연수구,54,123
897,인천광역시,연수구,54,123
898,인천광역시,연수구,54,123
899,인천광역시,남동구,56,124
900,인천광역시,남동구,55,124
901,인천광역시,남동구,55,124
902,인천광역시,남동구,55,124
903,인천광역시,남동구,56,124
904,인천광역시,남동구,55,124
905,인천광역시,남동구,55,124
906,인천광역시,남동구,55,124
907,인천광역시,남동구,55,124
908,인천광역시,남동구,56,124
909,인천광역시,남동구,56,124
910,인천광역시,남동구,55,124
911,인천광역시,남동구,56,124
912,인천광역시,남동구,56,124
913,인천광역시,남동구,56,124
914,인천광역시,남동구,56,124
915,인천광역시,남동구,56,124
916,인천광역시,남동구,55,124
917,인천광역시,남동구,56,123
918,인천광역시,남동구,55,123
919,인천광역시,남동구,55,123
920,인천광역시,부평구,55,125
921,인천광역시,부평구,55,125
922,인천광역시,부평구,55,125
923,인천광역시,부평구,55,125
924,인천광역시,부평구,56,125
925,인천광역시,부평구,56,125
926,인천광역시,부평구,56,125
927,인천광역시,부평구,55,125
928,인천광역시,부평구,55,125
929,인천광역시,부평구,55,125
930,인천광역시,부평구,55,125
931,인천광역시,부평구,55,126
932,인천광역시,부평구,55,125
933,인천광역시,부평구,56,126
934,인천광역시,부평구,56,125
935,인천광역시,부평구,56,126
936,인천광역시,부평구,56,125
937,인천광역시,부평구,56,125
938,인천광역시,부평구,56,125
939,인천광역시,부평구,56,125
940,인천광역시,부평구,56,125
941,인천광역시,부평구,55,125
942,인천광역시,부평구,55,125
943,인천광역시,계양구,56,126
944,인천광역시,계양구,55,126
945,인천광역시,계양구,55,126
946,인천광역시,계양구,55,126
947,인천광역시,계양구,56,126
948,인천광역시,계양구,56,126
949,인천광역시,계양구,56,126
950,인천광역시,계양구,56,126
951,인천광역시,계양구,55,126
952,인천광역시,계양구,56,126
953,인천광역시,계양구,56,127
954,인천광역시,계양구,56,126
955,인천광역시,계양구,56,127
956,인천광역시,서구,55,126
957,인천광역시,서구,55,127
958,인천광역시,서구,55,126
959,인천광역시,서구,54,126
960,인천광역시,서구,54,126
961,인천광역시,서구,54,126
962,인천광역시,서구,55,126
963,인천광역시,서구,55,126
964,인천광역시,서구,55,125
965,인천광역시,서구,55,125
966,인천광역시,서구,55,125
967,인천광역시,서구,55,125
968,인천광역시,서구,55,125
969,인천광역시,서구,55,125
970,인천광역시,서구,55,125
971,인천광역시,서구,55,125
972,인천광역시,서구,55,125
973,인천광역시,서구,54,127
974,인천광역시,서구,55,128
975,인천광역시,서구,55,127
976,인천광역시,서구,55,127
977,인천광역시,서구,54,127
978,인천광역시,서구,54,127
979,인천광역시,서구,55,127
980,인천광역시,강화군,51,130
981,인천광역시,강화군,51,131
982,인천광역시,강화군,51,130
983,인천광역시,강화군,51,129
984,인천광역시,강화군,51,128
985,인천광역시,강화군,50,128
986,인천광역시,강화군,50,129
987,인천광역시,강화군,50,130
988,인천광역시,강화군,50,131
989,인천광역시,강화군,50,132
990,인천광역시,강화군,51,131
991,인천광역시,강화군,48,131
992,인천광역시,강화군,49,130
993,인천광역시,강화군,47,128
994,인천광역시,옹진군,54,124
995,인천광역시,옹진군,50,126
996,인천광역시,옹진군,21,135
997,인천광역시,옹진군,21,132
998,인천광역시,옹진군,46,119
999,인천광역시,옹진군,51,120
1000,인천광역시,옹진군,48,120
1001,인천광역시,옹진군,38,129
1002,광주광역시,,58,74
1003,광주광역시,동구,60,74
1004,광주광역시,동구,59,74
1005,광주광역시,동구,60,74
1006,광주광역시,동구,59,74
1007,광주광역시,동구,60,74
1008,광주광역시,동구,60,74
1009,광주광역시,동구,60,74
1010,광주광역시,동구,60,74
1011,광주광역시,동구,60,74
1012,광주광역시,동구,60,74
1013,광주광역시,동구,60,74
1014,광주광역시,동구,60,74
1015,광주광역시,동구,60,73
1016,광주광역시,동구,60,73
1017,광주광역시,서구,59,74
1018,광주광역시,서구,59,74
1019,광주광역시,서구,59,74
1020,광주광역시,서구,59,74
1021,광주광역시,서구,59,74
1022,광주광역시,서구,59,74
1023,광주광역시,서구,58,74
1024,광주광역시,서구,58,74
1025,광주광역시,서구,59,74
1026,광주광역시,서구,58,74
1027,광주광역시,서구,59,74
1028,광주광역시,서구,59,74
1029,광주광역시,서구,59,74
1030,광주광역시,서구,59,74
1031,광주광역시,서구,58,73
1032,광주광역시,서구,58,74
1033,광주광역시,서구,58,74
1034,광주광역시,서구,59,74
1035,광주광역시,서구,58,75
1036,광주광역시,남구,59,73
1037,광주광역시,남구,59,74
1038,광주광역시,남구,59,74
1039,광주광역시,남구,59,74
1040,광주광역시,남구,59,74
1041,광주광역시,남구,59,73
1042,광주광역시,남구,59,74
1043,광주광역시,남구,59,74
1044,광주광역시,남구,59,74
1045,광주광역시,남구,59,74
1046,광주광역시,남구,59,74
1047,광주광역시,남구,59,74
1048,광주광역시,남구,59,74
1049,광주광역시,남구,59,74
1050,광주광역시,남구,59,73
1051,광주광역시,남구,59,73
1052,광주광역시,남구,59,73
1053,광주광역시,남구,58,73
1054,광주광역시,북구,59,75
1055,광주광역시,북구,59,74
1056,광주광역시,북구,59,75
1057,광주광역시,북구,59,74
1058,광주광역시,북구,59,74
1059,광주광역시,북구,59,74
1060,광주광역시,북구,59,75
1061,광주광역시,북구,59,75
1062,광주광역시,북구,59,75
1063,광주광역시,북구,59,75
1064,광주광역시,북구,58,75
1065,광주광역시,북구,59,75
1066,광주광역시,북구,60,74
1067,광주광역시,북구,60,75
1068,광주광역시,북구,59,75
1069,광주광역시,북구,59,75
1070,광주광역시,북구,60,75
1071,광주광역시,북구,60,75
1072,광주광역시,북구,60,74
1073,광주광역시,북구,59,75
1074,광주광역시,북구,59,75
1075,광주광역시,북구,59,75
1076,광주광역시,북구,59,75
1077,광주광역시,북구,59,75
1078,광주광역시,북구,60,75
1079,광주광역시,북구,59,76
1080,광주광역시,북구,59,76
1081,광주광역시,북구,58,75
1082,광주광역시,광산구,57,74
1083,광주광역시,광산구,57,74
1084,광주광역시,광산구,57,74
1085,광주광역시,광산구,57,74
1086,광주광역시,광산구,57,74
1087,광주광역시,광산구,57,74
1088,광주광역시,광산구,57,74
1089,광주광역시,광산구,57,75
1090,광주광역시,광산구,57,75
1091,광주광역시,광산구,58,76
1092,광주광역시,광산구,58,76
1093,광주광역시,광산구,58,76
1094,광주광역시,광산구,58,75
1095,광주광역시,광산구,58,75
1096,광주광역시,광산구,58,75
1097,광주광역시,광산구,57,75
1098,광주광역시,광산구,56,76
1099,광주광역시,광산구,57,73
1100,광주광역시,광산구,57,73
1101,광주광역시,광산구,55,74
1102,광주광역시,광산구,56,75
1103,광주광역시,광산구,58,75
1104,대전광역시,,67,100
1105,대전광역시,동구,68,100
1106,대전광역시,동구,68,100
1107,대전광역시,동구,68,100
1108,대전광역시,동구,68,100
1109,대전광역시,동구,69,100
1110,대전광역시,동구,69,100
1111,대전광역시,동구,69,100
1112,대전광역시,동구,68,100
1113,대전광역시,동구,68,100
1114,대전광역시,동구,68,100
1115,대전광역시,동구,68,100
1116,대전광역시,동구,68,101
1117,대전광역시,동구,68,100
1118,대전광역시,동구,68,100
1119,대전광역시,동구,68,100
1120,대전광역시,동구,69,100
1121,대전광역시,동구,69,99
1122,대전광역시,중구,68,100
1123,대전광역시,중구,68,100
1124,대전광역시,중구,68,100
1125,대전광역시,중구,68,100
1126,대전광역시,중구,68,100
1127,대전광역시,중구,68,100
1128,대전광역시,중구,68,99
1129,대전광역시,중구,68,100
1130,대전광역시,중구,68,100
1131,대전광역시,중구,68,100
1132,대전광역시,중구,68,100
1133,대전광역시,중구,68,100
1134,대전광역시,중구,67,100
1135,대전광역시,중구,67,100
1136,대전광역시,중구,68,100
1137,대전광역시,중구,68,100
1138,대전광역시,중구,68,99
1139,대전광역시,중구,67,99
1140,대전광역시,서구,67,100
1141,대전광역시,서구,67,99
1142,대전광역시,서구,67,100
1143,대전광역시,서구,67,100
1144,대전광역시,서구,67,99
1145,대전광역시,서구,67,100
1146,대전광역시,서구,67,100
1147,대전광역시,서구,67,100
1148,대전광역시,서구,67,100
1149,대전광역시,서구,67,100
1150,대전광역시,서구,67,100
1151,대전광역시,서구,67,100
1152,대전광역시,서구,67,100
1153,대전광역시,서구,67,100
1154,대전광역시,서구,67,101
1155,대전광역시,서구,67,101
1156,대전광역시,서구,67,99
1157,대전광역시,서구,67,100
1158,대전광역시,서구,66,99
1159,대전광역시,서구,66,99
1160,대전광역시,서구,67,98
1161,대전광역시,서구,67,100
1162,대전광역시,서구,67,100
1163,대전광역시,서구,67,101
1164,대전광역시,서구,68,101
1165,대전광역시,유성구,67,101
1166,대전광역시,유성구,66,99
1167,대전광역시,유성구,66,100
1168,대전광역시,유성구,66,100
1169,대전광역시,유성구,66,100
1170,대전광역시,유성구,66,101
1171,대전광역시,유성구,66,101
1172,대전광역시,유성구,66,101
1173,대전광역시,유성구,66,101
1174,대전광역시,유성구,67,101
1175,대전광역시,유성구,68,101
1176,대전광역시,유성구,67,102
1177,대전광역시,유성구,68,101
1178,대전광역시,유성구,67,100
1179,대전광역시,대덕구,68,100
1180,대전광역시,대덕구,68,100
1181,대전광역시,대덕구,68,101
1182,대전광역시,대덕구,68,101
1183,대전광역시,대덕구,68,100
1184,대전광역시,대덕구,68,101
1185,대전광역시,대덕구,68,101
1186,대전광역시,대덕구,68,103
1187,대전광역시,대덕구,68,102
1188,대전광역시,대덕구,68,102
1189,대전광역시,대덕구,68,102
1190,대전광역시,대덕구,68,101
1191,대전광역시,대덕구,68,101
1192,울산광역시,,102,84
1193,울산광역시,중구,102,84
1194,울산광역시,중구,102,84
1195,울산광역시,중구,102,84
1196,울산광역시,중구,102,84
1197,울산광역시,중구,102,84
1198,울산광역시,중구,102,84
1199,울산광역시,중구,102,84
1200,울산광역시,중구,102,84
1201,울산광역시,중구,101,84
1202,울산광역시,중구,102,84
1203,울산광역시,중구,102,85
1204,울산광역시,중구,102,84
1205,울산광역시,중구,102,85
1206,울산광역시,남구,102,84
1207,울산광역시,남구,102,84
1208,울산광역시,남구,102,84
1209,울산광역시,남구,102,84
1210,울산광역시,남구,102,83
1211,울산광역시,남구,102,84
1212,울산광역시,남구,102,84
1213,울산광역시,남구,102,84
1214,울산광역시,남구,101,84
1215,울산광역시,남구,101,84
1216,울산광역시,남구,101,84
1217,울산광역시,남구,102,83
1218,울산광역시,남구,102,83
1219,울산광역시,남구,102,83
1220,울산광역시,남구,102,83
1221,울산광역시,동구,104,83
1222,울산광역시,동구,104,83
1223,울산광역시,동구,104,83
1224,울산광역시,동구,104,83
1225,울산광역시,동구,104,83
1226,울산광역시,동구,104,83
1227,울산광역시,동구,104,83
1228,울산광역시,동구,104,84
1229,울산광역시,동구,104,83
1230,울산광역시,동구,104,84
1231,울산광역시,북구,103,85
1232,울산광역시,북구,102,86
1233,울산광역시,북구,102,86
1234,울산광역시,북구,102,86
1235,울산광역시,북구,104,85
1236,울산광역시,북구,103,85
1237,울산광역시,북구,103,85
1238,울산광역시,북구,103,84
1239,울산광역시,북구,103,83
1240,울산광역시,울주군,101,84
1241,울산광역시,울주군,102,81
1242,울산광역시,울주군,98,84
1243,울산광역시,울주군,101,81
1244,울산광역시,울주군,100,84
1245,울산광역시,울주군,102,83
1246,울산광역시,울주군,98,84
1247,울산광역시,울주군,102,80
1248,울산광역시,울주군,100,82
1249,울산광역시,울주군,100,86
1250,울산광역시,울주군,99,86
1251,울산광역시,울주군,98,85
1252,울산광역시,울주군,99,83
1253,세종특별자치시,,66,103
1254,세종특별자치시,세종특별자치시,66,103
1255,세종특별자치시,세종특별자치시,66,106
1256,세종특별자치시,세종특별자치시,65,105
1257,세종특별자치시,세종특별자치시,66,105
1258,세종특별자치시,세종특별자치시,67,104
1259,세종특별자치시,세종특별자치시,65,103
1260,세종특별자치시,세종특별자치시,64,104
1261,세종특별자치시,세종특별자치시,65,106
1262,세종특별자치시,세종특별자치시,64,108
1263,세종특별자치시,세종특별자치시,65,107
1264,세종특별자치시,세종특별자치시,63,108
1265,세종특별자치시,세종특별자치시,65,103
1266,세종특별자치시,세종특별자치시,65,103
1267,세종특별자치시,세종특별자치시,65,103
1268,세종특별자치시,세종특별자치시,65,104
1269,세종특별자치시,세종특별자치시,65,104
1270,세종특별자치시,세종특별자치시,65,104
1271,세종특별자치시,세종특별자치시,65,104
1272,세종특별자치시,세종특별자치시,65,104
1273,세종특별자치시,세종특별자치시,65,104
1274,세종특별자치시,세종특별자치시,66,103
1275,세종특별자치시,세종특별자치시,66,104
1276,세종특별자치시,세종특별자치시,66,103
1277,세종특별자치시,세종특별자치시,65,103
1278,세종특별자치시,세종특별자치시,65,104
1279,경기도,,60,120
1280,경기도,수원시장안구,60,121
1281,경기도,수원시장안구,60,121
1282,경기도,수원시장안구,60,121
1283,경기도,수원시장안구,60,121
1284,경기도,수원시장안구,60,121
1285,경기도,수원시장안구,60,121
1286,경기도,수원시장안구,61,121
1287,경기도,수원시장안구,60,121
1288,경기도,수원시장안구,61,121
1289,경기도,수원시장안구,60,121
1290,경기도,수원시장안구,61,121
1291,경기도,수원시권선구,60,120
1292,경기도,수원시권선구,60,120
1293,경기도,수원시권선구,61,120
1294,경기도,수원시권선구,61,120
1295,경기도,수원시권선구,60,120
1296,경기도,수원시권선구,60,120
1297,경기도,수원시권선구,60,120
1298,경기도,수원시권선구,59,120
1299,경기도,수원시권선구,60,120
1300,경기도,수원시권선구,61,120
1301,경기도,수원시권선구,61,120
1302,경기도,수원시권선구,61,120
1303,경기도,수원시권선구,60,121
1304,경기도,수원시팔달구,61,121
1305,경기도,수원시팔달구,61,120
1306,경기도,수원시팔달구,60,120
1307,경기도,수원시팔달구,60,120
1308,경기도,수원시팔달구,60,120
1309,경기도,수원시팔달구,60,121
1310,경기도,수원시팔달구,61,120
1311,경기도,수원시팔달구,61,121
1312,경기도,수원시팔달구,61,120
1313,경기도,수원시팔달구,61,120
1314,경기도,수원시팔달구,61,121
1315,경기도,수원시영통구,61,120
1316,경기도,수원시영통구,61,120
1317,경기도,수원시영통구,61,120
1318,경기도,수원시영통구,61,120
1319,경기도,수원시영통구,61,120
1320,경기도,수원시영통구,61,120
1321,경기도,수원시영통구,62,120
1322,경기도,수원시영통구,61,120
1323,경기도,수원시영통구,62,120
1324,경기도,수원시영통구,61,120
1325,경기도,수원시영통구,61,120
1326,경기도,수원시영통구,61,121
1327,경기도,수원시영통구,62,121
1328,경기도,성남시수정구,63,124
1329,경기도,성남시수정구,63,124
1330,경기도,성남시수정구,63,124
1331,경기도,성남시수정구,63,124
1332,경기도,성남시수정구,62,124
1333,경기도,성남시수정구,63,124
1334,경기도,성남시수정구,63,124
1335,경기도,성남시수정구,63,124
1336,경기도,성남시수정구,63,124
1337,경기도,성남시수정구,62,124
1338,경기도,성남시수정구,63,124
1339,경기도,성남시수정구,63,124
1340,경기도,성남시수정구,63,124
1341,경기도,성남시수정구,62,124
1342,경기도,성남시수정구,63,125
1343,경기도,성남시수정구,62,124
1344,경기도,성남시수정구,62,124
1345,경기도,성남시수정구,62,124
1346,경기도,성남시중원구,63,124
1347,경기도,성남시중원구,63,124
1348,경기도,성남시중원구,63,124
1349,경기도,성남시중원구,63,124
1350,경기도,성남시중원구,63,124
1351,경기도,성남시중원구,63,124
1352,경기도,성남시중원구,63,124
1353,경기도,성남시중원구,63,124
1354,경기도,성남시중원구,63,124
1355,경기도,성남시중원구,63,124
1356,경기도,성남시중원구,63,124
1357,경기도,성남시중원구,63,123
1358,경기도,성남시분당구,62,123
1359,경기도,성남시분당구,63,122
1360,경기도,성남시분당구,62,123
1361,경기도,성남시분당구,62,122
1362,경기도,성남시분당구,62,122
1363,경기도,성남시분당구,62,122
1364,경기도,성남시분당구,62,122
1365,경기도,성남시분당구,62,122
1366,경기도,성남시분당구,62,122
1367,경기도,성남시분당구,62,123
1368,경기도,성남시분당구,63,123
1369,경기도,성남시분당구,62,123
1370,경기도,성남시분당구,62,123
1371,경기도,성남시분당구,63,123
1372,경기도,성남시분당구,62,123
1373,경기도,성남시분당구,63,123
1374,경기도,성남시분당구,62,123
1375,경기도,성남시분당구,62,123
1376,경기도,성남시분당구,62,123
1377,경기도,성남시분당구,62,122
1378,경기도,성남시분당구,62,122
1379,경기도,성남시분당구,62,122
1380,경기도,성남시분당구,62,123
1381,경기도,의정부시,61,130
1382,경기도,의정부시,61,131
1383,경기도,의정부시,61,130
1384,경기도,의정부시,61,130
1385,경기도,의정부시,61,130
1386,경기도,의정부시,61,130
1387,경기도,의정부시,61,130
1388,경기도,의정부시,61,131
1389,경기도,의정부시,62,130
1390,경기도,의정부시,62,130
1391,경기도,의정부시,62,131
1392,경기도,의정부시,61,131
1393,경기도,의정부시,61,131
1394,경기도,의정부시,61,131
1395,경기도,의정부시,61,131
1396,경기도,안양시만안구,59,123
1397,경기도,안양시만안구,59,123
1398,경기도,안양시만안구,59,123
1399,경기도,안양시만안구,59,123
1400,경기도,안양시만안구,59,123
1401,경기도,안양시만안구,59,123
1402,경기도,안양시만안구,59,123
1403,경기도,안양시만안구,59,123
1404,경기도,안양시만안구,59,123
1405,경기도,안양시만안구,59,123
1406,경기도,안양시만안구,59,123
1407,경기도,안양시만안구,59,123
1408,경기도,안양시만안구,58,123
1409,경기도,안양시만안구,59,123
1410,경기도,안양시만안구,59,123
1411,경기도,안양시동안구,59,123
1412,경기도,안양시동안구,59,123
1413,경기도,안양시동안구,59,123
1414,경기도,안양시동안구,59,123
1415,경기도,안양시동안구,59,123
1416,경기도,안양시동안구,59,123
1417,경기도,안양시동안구,60,123
1418,경기도,안양시동안구,60,123
1419,경기도,안양시동안구,60,123
1420,경기도,안양시동안구,60,123
1421,경기도,안양시동안구,60,123
1422,경기도,안양시동안구,60,123
1423,경기도,안양시동안구,60,122
1424,경기도,안양시동안구,59,123
1425,경기도,안양시동안구,60,122
1426,경기도,안양시동안구,59,123
1427,경기도,안양시동안구,60,123
1428,경기도,안양시동안구,60,123
1429,경기도,부천시원미구,57,125
1430,경기도,부천시원미구,56,125
1431,경기도,부천시원미구,57,125
1432,경기도,부천시원미구,56,125
1433,경기도,부천시원미구,57,125
1434,경기도,부천시원미구,57,125
1435,경기도,부천시원미구,57,125
1436,경기도,부천시원미구,57,125
1437,경기도,부천시원미구,57,125
1438,경기도,부천시원미구,57,125
1439,경기도,부천시원미구,57,126
1440,경기도,부천시원미구,56,126
1441,경기도,부천시원미구,56,125
1442,경기도,부천시원미구,56,125
1443,경기도,부천시원미구,56,125
1444,경기도,부천시원미구,56,125
1445,경기도,부천시원미구,56,125
1446,경기도,부천시원미구,56,125
1447,경기도,부천시원미구,56,125
1448,경기도,부천시원미구,56,125
1449,경기도,부천시원미구,56,125
1450,경기도,부천시소사구,57,125
1451,경기도,부천시소사구,56,125
1452,경기도,부천시소사구,56,125
1453,경기도,부천시소사구,57,125
1454,경기도,부천시소사구,57,125
1455,경기도,부천시소사구,57,125
1456,경기도,부천시소사구,57,125
1457,경기도,부천시소사구,57,125
1458,경기도,부천시소사구,57,125
1459,경기도,부천시소사구,56,125
1460,경기도,부천시소사구,56,125
1461,경기도,부천시오정구,57,126
1462,경기도,부천시오정구,57,126
1463,경기도,부천시오정구,57,126
1464,경기도,부천시오정구,57,126
1465,경기도,부천시오정구,57,126
1466,경기도,부천시오정구,57,126
1467,경기도,부천시오정구,57,126
1468,경기도,부천시오정구,56,126
1469,경기도,광명시,58,125
1470,경기도,광명시,58,125
1471,경기도,광명시,58,125
1472,경기도,광명시,58,125
1473,경기도,광명시,58,125
1474,경기도,광명시,58,125
1475,경기도,광명시,58,125
1476,경기도,광명시,58,125
1477,경기도,광명시,58,125
1478,경기도,광명시,58,125
1479,경기도,광명시,58,125
1480,경기도,광명시,58,125
1481,경기도,광명시,58,124
1482,경기도,광명시,58,124
1483,경기도,광명시,58,124
1484,경기도,광명시,58,124
1485,경기도,광명시,58,124
1486,경기도,광명시,58,124
1487,경기도,광명시,58,123
1488,경기도,광명시,58,123
1489,경기도,평택시,62,114
1490,경기도,평택시,61,114
1491,경기도,평택시,59,114
1492,경기도,평택시,58,114
1493,경기도,평택시,59,115
1494,경기도,평택시,62,117
1495,경기도,평택시,61,117
1496,경기도,평택시,61,115
1497,경기도,평택시,60,115
1498,경기도,평택시,59,114
1499,경기도,평택시,61,116
1500,경기도,평택시,61,116
1501,경기도,평택시,62,115
1502,경기도,평택시,61,116
1503,경기도,평택시,61,116
1504,경기도,평택시,61,116
1505,경기도,평택시,61,116
1506,경기도,평택시,62,114
1507,경기도,평택시,62,114
1508,경기도,평택시,62,114
1509,경기도,평택시,62,114
1510,경기도,평택시,62,114
1511,경기도,평택시,63,114
1512,경기도,평택시,62,114
1513,경기도,평택시,62,115
1514,경기도,평택시,61,115
1515,경기도,동두천시,61,134
1516,경기도,동두천시,61,134
1517,경기도,동두천시,61,134
1518,경기도,동두천시,61,134
1519,경기도,동두천시,61,134
1520,경기도,동두천시,61,134
1521,경기도,동두천시,61,134
1522,경기도,동두천시,61,135
1523,경기도,동두천시,61,134
1524,경기도,안산시상록구,58,121
1525,경기도,안산시상록구,58,121
1526,경기도,안산시상록구,58,121
1527,경기도,안산시상록구,58,121
1528,경기도,안산시상록구,58,121
1529,경기도,안산시상록구,57,121
1530,경기도,안산시상록구,58,121
1531,경기도,안산시상록구,58,121
1532,경기도,안산시상록구,58,121
1533,경기도,안산시상록구,58,122
1534,경기도,안산시상록구,58,122
1535,경기도,안산시상록구,58,121
1536,경기도,안산시상록구,59,121
1537,경기도,안산시상록구,58,122
1538,경기도,안산시단원구,57,121
1539,경기도,안산시단원구,57,122
1540,경기도,안산시단원구,57,122
1541,경기도,안산시단원구,57,121
1542,경기도,안산시단원구,57,121
1543,경기도,안산시단원구,57,122
1544,경기도,안산시단원구,57,122
1545,경기도,안산시단원구,57,122
1546,경기도,안산시단원구,57,121
1547,경기도,안산시단원구,57,122
1548,경기도,안산시단원구,57,122
1549,경기도,안산시단원구,57,122
1550,경기도,안산시단원구,53,120
1551,경기도,고양시덕양구,57,128
1552,경기도,고양시덕양구,57,129
1553,경기도,고양시덕양구,58,129
1554,경기도,고양시덕양구,58,128
1555,경기도,고양시덕양구,57,129
1556,경기도,고양시덕양구,57,128
1557,경기도,고양시덕양구,59,128
1558,경기도,고양시덕양구,58,129
1559,경기도,고양시덕양구,58,129
1560,경기도,고양시덕양구,58,128
1561,경기도,고양시덕양구,59,130
1562,경기도,고양시덕양구,58,129
1563,경기도,고양시덕양구,57,128
1564,경기도,고양시덕양구,57,128
1565,경기도,고양시덕양구,57,128
1566,경기도,고양시덕양구,57,128
1567,경기도,고양시덕양구,57,128
1568,경기도,고양시덕양구,57,128
1569,경기도,고양시덕양구,57,128
1570,경기도,고양시덕양구,58,128
1571,경기도,고양시덕양구,58,127
1572,경기도,고양시덕양구,58,127
1573,경기도,고양시일산동구,56,129
1574,경기도,고양시일산동구,57,129
1575,경기도,고양시일산동구,56,129
1576,경기도,고양시일산동구,56,129
1577,경기도,고양시일산동구,56,129
1578,경기도,고양시일산동구,57,129
1579,경기도,고양시일산동구,57,128
1580,경기도,고양시일산동구,57,128
1581,경기도,고양시일산동구,57,129
1582,경기도,고양시일산동구,56,128
1583,경기도,고양시일산동구,56,128
1584,경기도,고양시일산동구,56,128
1585,경기도,고양시일산동구,57,130
1586,경기도,고양시일산서구,56,129
1587,경기도,고양시일산서구,56,129
1588,경기도,고양시일산서구,56,129
1589,경기도,고양시일산서구,56,129
1590,경기도,고양시일산서구,56,129
1591,경기도,고양시일산서구,56,130
1592,경기도,고양시일산서구,56,129
1593,경기도,고양시일산서구,56,129
1594,경기도,고양시일산서구,56,129
1595,경기도,고양시일산서구,56,129
1596,경기도,고양시일산서구,56,129
1597,경기도,고양시일산서구,55,129
1598,경기도,과천시,60,124
1599,경기도,과천시,60,124
1600,경기도,과천시,60,124
1601,경기도,과천시,60,123
1602,경기도,과천시,60,124
1603,경기도,과천시,60,124
1604,경기도,과천시,60,124
1605,경기도,과천시,60,124
1606,경기도,구리시,62,127
1607,경기도,구리시,62,128
1608,경기도,구리시,63,128
1609,경기도,구리시,63,128
1610,경기도,구리시,62,127
1611,경기도,구리시,63,127
1612,경기도,구리시,63,127
1613,경기도,구리시,63,127
1614,경기도,구리시,63,127
1615,경기도,남양주시,64,128
1616,경기도,남양주시,64,127
1617,경기도,남양주시,63,130
1618,경기도,남양주시,65,129
1619,경기도,남양주시,63,129
1620,경기도,남양주시,64,130
1621,경기도,남양주시,63,128
1622,경기도,남양주시,62,129
1623,경기도,남양주시,66,130
1624,경기도,남양주시,65,126
1625,경기도,남양주시,64,129
1626,경기도,남양주시,64,128
1627,경기도,남양주시,64,128
1628,경기도,남양주시,63,128
1629,경기도,남양주시,63,128
1630,경기도,남양주시,63,128
1631,경기도,남양주시,62,128
1632,경기도,오산시,62,118
1633,경기도,오산시,62,118
1634,경기도,오산시,62,117
1635,경기도,오산시,62,117
1636,경기도,오산시,61,118
1637,경기도,오산시,61,118
1638,경기도,오산시,61,118
1639,경기도,오산시,61,118
1640,경기도,오산시,61,117
1641,경기도,시흥시,57,123
1642,경기도,시흥시,57,124
1643,경기도,시흥시,57,124
1644,경기도,시흥시,57,123
1645,경기도,시흥시,57,124
1646,경기도,시흥시,57,123
1647,경기도,시흥시,58,123
1648,경기도,시흥시,57,122
1649,경기도,시흥시,56,123
1650,경기도,시흥시,56,122
1651,경기도,시흥시,56,122
1652,경기도,시흥시,56,122
1653,경기도,시흥시,56,122
1654,경기도,시흥시,56,122
1655,경기도,시흥시,56,122
1656,경기도,시흥시,56,122
1657,경기도,시흥시,57,124
1658,경기도,시흥시,57,123
1659,경기도,시흥시,57,123
1660,경기도,시흥시,57,122
1661,경기도,시흥시,55,121
1662,경기도,군포시,59,122
1663,경기도,군포시,59,122
1664,경기도,군포시,59,122
1665,경기도,군포시,59,122
1666,경기도,군포시,59,122
1667,경기도,군포시,59,122
1668,경기도,군포시,59,122
1669,경기도,군포시,59,122
1670,경기도,군포시,59,122
1671,경기도,군포시,59,122
1672,경기도,군포시,59,122
1673,경기도,군포시,59,122
1674,경기도,군포시,59,121
1675,경기도,의왕시,60,122
1676,경기도,의왕시,60,122
1677,경기도,의왕시,60,121
1678,경기도,의왕시,60,122
1679,경기도,의왕시,60,123
1680,경기도,의왕시,60,123
1681,경기도,의왕시,60,123
1682,경기도,하남시,64,126
1683,경기도,하남시,64,126
1684,경기도,하남시,64,126
1685,경기도,하남시,64,126
1686,경기도,하남시,64,126
1687,경기도,하남시,64,126
1688,경기도,하남시,64,126
1689,경기도,하남시,63,126
1690,경기도,하남시,63,126
1691,경기도,하남시,63,125
1692,경기도,하남시,64,126
1693,경기도,하남시,63,126
1694,경기도,하남시,64,127
1695,경기도,하남시,63,127
1696,경기도,하남시,63,126
1697,경기도,용인시처인구,64,119
1698,경기도,용인시처인구,64,120
1699,경기도,용인시처인구,64,122
1700,경기도,용인시처인구,64,117
1701,경기도,용인시처인구,63,117
1702,경기도,용인시처인구,66,118
1703,경기도,용인시처인구,67,118
1704,경기도,용인시처인구,65,120
1705,경기도,용인시처인구,64,119
1706,경기도,용인시처인구,64,120
1707,경기도,용인시처인구,63,120
1708,경기도,용인시처인구,64,120
1709,경기도,용인시처인구,64,119
1710,경기도,용인시기흥구,62,120
1711,경기도,용인시기흥구,62,120
1712,경기도,용인시기흥구,62,120
1713,경기도,용인시기흥구,62,120
1714,경기도,용인시기흥구,63,120
1715,경기도,용인시기흥구,62,120
1716,경기도,용인시기흥구,62,120
1717,경기도,용인시기흥구,62,120
1718,경기도,용인시기흥구,62,120
1719,경기도,용인시기흥구,62,121
1720,경기도,용인시기흥구,62,121
1721,경기도,용인시기흥구,63,120
1722,경기도,용인시기흥구,63,120
1723,경기도,용인시기흥구,63,121
1724,경기도,용인시기흥구,63,120
1725,경기도,용인시기흥구,62,121
1726,경기도,용인시수지구,62,121
1727,경기도,용인시수지구,62,121
1728,경기도,용인시수지구,62,121
1729,경기도,용인시수지구,62,121
1730,경기도,용인시수지구,62,122
1731,경기도,용인시수지구,62,122
1732,경기도,용인시수지구,62,122
1733,경기도,용인시수지구,62,122
1734,경기도,용인시수지구,62,121
1735,경기도,용인시수지구,62,121
1736,경기도,용인시수지구,62,121
1737,경기도,용인시수지구,62,121
1738,경기도,파주시,56,131
1739,경기도,파주시,56,133
1740,경기도,파주시,57,132
1741,경기도,파주시,58,133
1742,경기도,파주시,57,130
1743,경기도,파주시,57,132
1744,경기도,파주시,55,132
1745,경기도,파주시,58,131
1746,경기도,파주시,57,134
1747,경기도,파주시,59,135
1748,경기도,파주시,55,133
1749,경기도,파주시,56,131
1750,경기도,파주시,56,131
1751,경기도,파주시,56,131
1752,경기도,파주시,56,131
1753,경기도,파주시,56,130
1754,경기도,파주시,56,130
1755,경기도,파주시,56,130
1756,경기도,파주시,56,130
1757,경기도,파주시,55,130
1758,경기도,파주시,55,130
1759,경기도,이천시,68,121
1760,경기도,이천시,71,117
1761,경기도,이천시,69,121
1762,경기도,이천시,67,121
1763,경기도,이천시,69,122
1764,경기도,이천시,68,119
1765,경기도,이천시,66,120
1766,경기도,이천시,69,119
1767,경기도,이천시,69,118
1768,경기도,이천시,69,117
1769,경기도,이천시,70,117
1770,경기도,이천시,68,121
1771,경기도,이천시,68,121
1772,경기도,이천시,68,121
1773,경기도,이천시,68,121
1774,경기도,안성시,65,115
1775,경기도,안성시,63,114
1776,경기도,안성시,65,115
1777,경기도,안성시,66,114
1778,경기도,안성시,65,113
1779,경기도,안성시,64,114
1780,경기도,안성시,64,115
1781,경기도,안성시,64,116
1782,경기도,안성시,63,115
1783,경기도,안성시,69,116
1784,경기도,안성시,68,116
1785,경기도,안성시,67,116
1786,경기도,안성시,65,116
1787,경기도,안성시,65,115
1788,경기도,안성시,65,114
1789,경기도,안성시,65,115
1790,경기도,김포시,55,128
1791,경기도,김포시,53,129
1792,경기도,김포시,56,127
1793,경기도,김포시,54,129
1794,경기도,김포시,53,128
1795,경기도,김포시,53,130
1796,경기도,김포시,54,130
1797,경기도,김포시,55,128
1798,경기도,김포시,55,128
1799,경기도,김포시,55,128
1800,경기도,김포시,55,127
1801,경기도,김포시,55,128
1802,경기도,김포시,54,128
1803,경기도,김포시,54,128
1804,경기도,김포시,55,129
1805,경기도,화성시,57,119
1806,경기도,화성시,59,119
1807,경기도,화성시,57,116
1808,경기도,화성시,59,117
1809,경기도,화성시,57,119
1810,경기도,화성시,59,120
1811,경기도,화성시,58,119
1812,경기도,화성시,56,119
1813,경기도,화성시,56,119
1814,경기도,화성시,55,118
1815,경기도,화성시,59,118
1816,경기도,화성시,57,116
1817,경기도,화성시,59,116
1818,경기도,화성시,60,118
1819,경기도,화성시,57,121
1820,경기도,화성시,61,119
1821,경기도,화성시,61,119
1822,경기도,화성시,61,119
1823,경기도,화성시,61,119
1824,경기도,화성시,60,119
1825,경기도,화성시,61,119
1826,경기도,화성시,62,119
1827,경기도,화성시,62,119
1828,경기도,화성시,61,119
1829,경기도,화성시,62,119
1830,경기도,화성시,62,119
1831,경기도,화성시,62,118
1832,경기도,화성시,62,118
1833,경기도,화성시,62,118
1834,경기도,화성시,63,118
1835,경기도,광주시,65,123
1836,경기도,광주시,65,123
1837,경기도,광주시,66,122
1838,경기도,광주시,66,121
1839,경기도,광주시,66,125
1840,경기도,광주시,65,125
1841,경기도,광주시,64,124
1842,경기도,광주시,65,123
1843,경기도,광주시,65,124
1844,경기도,광주시,65,123
1845,경기도,광주시,64,124
1846,경기도,광주시,64,123
1847,경기도,광주시,64,123
1848,경기도,광주시,64,122
1849,경기도,광주시,65,123
1850,경기도,광주시,63,122
1851,경기도,광주시,63,122
1852,경기도,양주시,61,131
1853,경기도,양주시,60,132
1854,경기도,양주시,61,133
1855,경기도,양주시,60,134
1856,경기도,양주시,60,132
1857,경기도,양주시,59,130
1858,경기도,양주시,61,131
1859,경기도,양주시,62,132
1860,경기도,양주시,61,133
1861,경기도,양주시,61,132
1862,경기도,양주시,61,133
1863,경기도,양주시,62,133
1864,경기도,양주시,62,132
1865,경기도,포천시,64,134
1866,경기도,포천시,63,132
1867,경기도,포천시,64,134
1868,경기도,포천시,64,131
1869,경기도,포천시,63,133
1870,경기도,포천시,64,135
1871,경기도,포천시,63,136
1872,경기도,포천시,64,136
1873,경기도,포천시,66,135
1874,경기도,포천시,66,137
1875,경기도,포천시,65,138
1876,경기도,포천시,64,140
1877,경기도,포천시,65,134
1878,경기도,포천시,64,134
1879,경기도,포천시,63,133
1880,경기도,여주시,71,121
1881,경기도,여주시,70,119
1882,경기도,여주시,72,119
1883,경기도,여주시,70,122
1884,경기도,여주시,69,123
1885,경기도,여주시,70,121
1886,경기도,여주시,70,123
1887,경기도,여주시,72,122
1888,경기도,여주시,73,120
1889,경기도,여주시,68,123
1890,경기도,여주시,71,121
1891,경기도,여주시,71,121
1892,경기도,여주시,71,121
1893,경기도,연천군,61,138
1894,경기도,연천군,61,138
1895,경기도,연천군,61,137
1896,경기도,연천군,60,138
1897,경기도,연천군,61,136
1898,경기도,연천군,59,137
1899,경기도,연천군,60,137
1900,경기도,연천군,60,137
1901,경기도,연천군,62,140
1902,경기도,연천군,60,139
1903,경기도,연천군,58,136
1904,경기도,가평군,69,133
1905,경기도,가평군,69,132
1906,경기도,가평군,69,129
1907,경기도,가평군,67,131
1908,경기도,가평군,66,132
1909,경기도,가평군,66,132
1910,경기도,가평군,70,134
1911,경기도,양평군,69,125
1912,경기도,양평군,69,125
1913,경기도,양평군,69,125
1914,경기도,양평군,67,125
1915,경기도,양평군,66,126
1916,경기도,양평군,68,126
1917,경기도,양평군,66,128
1918,경기도,양평군,72,126
1919,경기도,양평군,72,127
1920,경기도,양평군,73,124
1921,경기도,양평군,71,125
1922,경기도,양평군,70,125
1923,경기도,양평군,70,124
1924,충청북도,,69,107
1925,충청북도,청주시상당구,69,106
1926,충청북도,청주시상당구,71,106
1927,충청북도,청주시상당구,72,107
1928,충청북도,청주시상당구,70,105
1929,충청북도,청주시상당구,69,106
1930,충청북도,청주시상당구,69,104
1931,충청북도,청주시상당구,69,107
1932,충청북도,청주시상당구,69,107
1933,충청북도,청주시상당구,69,107
1934,충청북도,청주시상당구,69,106
1935,충청북도,청주시상당구,69,106
1936,충청북도,청주시상당구,69,107
1937,충청북도,청주시상당구,69,106
1938,충청북도,청주시상당구,69,106
1939,충청북도,청주시서원구,69,107
1940,충청북도,청주시서원구,68,105
1941,충청북도,청주시서원구,68,103
1942,충청북도,청주시서원구,69,107
1943,충청북도,청주시서원구,69,106
1944,충청북도,청주시서원구,68,107
1945,충청북도,청주시서원구,69,106
1946,충청북도,청주시서원구,69,106
1947,충청북도,청주시서원구,69,106
1948,충청북도,청주시서원구,69,106
1949,충청북도,청주시서원구,69,106
1950,충청북도,청주시서원구,68,106
1951,충청북도,청주시흥덕구,67,106
1952,충청북도,청주시흥덕구,66,106
1953,충청북도,청주시흥덕구,67,106
1954,충청북도,청주시흥덕구,67,107
1955,충청북도,청주시흥덕구,69,107
1956,충청북도,청주시흥덕구,68,107
1957,충청북도,청주시흥덕구,68,106
1958,충청북도,청주시흥덕구,68,106
1959,충청북도,청주시흥덕구,68,107
1960,충청북도,청주시흥덕구,68,107
1961,충청북도,청주시흥덕구,68,106
1962,충청북도,청주시흥덕구,68,107
1963,충청북도,청주시청원구,69,107
1964,충청북도,청주시청원구,70,109
1965,충청북도,청주시청원구,68,109
1966,충청북도,청주시청원구,70,109
1967,충청북도,청주시청원구,69,107
1968,충청북도,청주시청원구,69,107
1969,충청북도,청주시청원구,69,107
1970,충청북도,청주시청원구,69,107
1971,충청북도,청주시청원구,69,108
1972,충청북도,충주시,76,114
1973,충청북도,충주시,74,114
1974,충청북도,충주시,77,113
1975,충청북도,충주시,78,111
1976,충청북도,충주시,75,114
1977,충청북도,충주시,73,114
1978,충청북도,충주시,73,116
1979,충청북도,충주시,73,117
1980,충청북도,충주시,75,115
1981,충청북도,충주시,76,116
1982,충청북도,충주시,77,115
1983,충청북도,충주시,77,116
1984,충청북도,충주시,76,117
1985,충청북도,충주시,75,117
1986,충청북도,충주시,77,114
1987,충청북도,충주시,77,114
1988,충청북도,충주시,76,114
1989,충청북도,충주시,77,114
1990,충청북도,충주시,77,114
1991,충청북도,충주시,76,114
1992,충청북도,충주시,77,114
1993,충청북도,충주시,76,114
1994,충청북도,충주시,76,114
1995,충청북도,충주시,76,114
1996,충청북도,충주시,77,114
1997,충청북도,충주시,76,115
1998,충청북도,제천시,81,118
1999,충청북도,제천시,80,118
2000,충청북도,제천시,81,116
2001,충청북도,제천시,81,115
2002,충청북도,제천시,81,113
2003,충청북도,제천시,81,113
2004,충청북도,제천시,79,112
2005,충청북도,제천시,78,118
2006,충청북도,제천시,82,119
2007,충청북도,제천시,81,118
2008,충청북도,제천시,81,118
2009,충청북도,제천시,81,118
2010,충청북도,제천시,81,118
2011,충청북도,제천시,81,118
2012,충청북도,제천시,81,118
2013,충청북도,제천시,82,118
2014,충청북도,제천시,81,118
2015,충청북도,제천시,81,118
2016,충청북도,보은군,73,103
2017,충청북도,보은군,73,103
2018,충청북도,보은군,75,104
2019,충청북도,보은군,74,103
2020,충청북도,보은군,75,102
2021,충청북도,보은군,74,102
2022,충청북도,보은군,73,101
2023,충청북도,보은군,73,103
2024,충청북도,보은군,71,102
2025,충청북도,보은군,71,104
2026,충청북도,보은군,72,105
2027,충청북도,보은군,73,105
2028,충청북도,옥천군,71,99
2029,충청북도,옥천군,71,99
2030,충청북도,옥천군,71,99
2031,충청북도,옥천군,72,101
2032,충청북도,옥천군,72,101
2033,충청북도,옥천군,74,100
2034,충청북도,옥천군,74,100
2035,충청북도,옥천군,71,98
2036,충청북도,옥천군,70,99
2037,충청북도,옥천군,70,100
2038,충청북도,영동군,74,97
2039,충청북도,영동군,74,97
2040,충청북도,영동군,75,99
2041,충청북도,영동군,77,98
2042,충청북도,영동군,78,98
2043,충청북도,영동군,77,97
2044,충청북도,영동군,77,96
2045,충청북도,영동군,74,96
2046,충청북도,영동군,74,93
2047,충청북도,영동군,73,95
2048,충청북도,영동군,72,95
2049,충청북도,영동군,73,98
2050,충청북도,증평군,71,110
2051,충청북도,증평군,71,110
2052,충청북도,증평군,71,110
2053,충청북도,진천군,68,111
2054,충청북도,진천군,68,111
2055,충청북도,진천군,69,113
2056,충청북도,진천군,70,111
2057,충청북도,진천군,68,110
2058,충청북도,진천군,67,112
2059,충청북도,진천군,68,113
2060,충청북도,진천군,68,114
2061,충청북도,괴산군,74,111
2062,충청북도,괴산군,74,111
2063,충청북도,괴산군,76,111
2064,충청북도,괴산군,77,111
2065,충청북도,괴산군,78,110
2066,충청북도,괴산군,75,110
2067,충청북도,괴산군,74,110
2068,충청북도,괴산군,73,107
2069,충청북도,괴산군,72,110
2070,충청북도,괴산군,72,111
2071,충청북도,괴산군,73,111
2072,충청북도,괴산군,75,112
2073,충청북도,음성군,72,113
2074,충청북도,음성군,72,113
2075,충청북도,음성군,71,114
2076,충청북도,음성군,74,113
2077,충청북도,음성군,72,112
2078,충청북도,음성군,70,113
2079,충청북도,음성군,69,114
2080,충청북도,음성군,69,115
2081,충청북도,음성군,71,115
2082,충청북도,음성군,71,117
2083,충청북도,단양군,84,115
2084,충청북도,단양군,84,115
2085,충청북도,단양군,83,116
2086,충청북도,단양군,84,113
2087,충청북도,단양군,84,115
2088,충청북도,단양군,86,117
2089,충청북도,단양군,84,117
2090,충청북도,단양군,83,114
2091,충청북도,단양군,83,113
2092,충청남도,,68,100
2093,충청남도,천안시동남구,63,110
2094,충청남도,천안시동남구,65,110
2095,충청남도,천안시동남구,63,108
2096,충청남도,천안시동남구,62,108
2097,충청남도,천안시동남구,65,111
2098,충청남도,천안시동남구,65,109
2099,충청남도,천안시동남구,65,109
2100,충청남도,천안시동남구,66,109
2101,충청남도,천안시동남구,66,110
2102,충청남도,천안시동남구,63,110
2103,충청남도,천안시동남구,63,110
2104,충청남도,천안시동남구,63,110
2105,충청남도,천안시동남구,63,110
2106,충청남도,천안시동남구,63,110
2107,충청남도,천안시동남구,63,110
2108,충청남도,천안시동남구,63,110
2109,충청남도,천안시동남구,63,110
2110,충청남도,천안시동남구,63,110
2111,충청남도,천안시서북구,63,112
2112,충청남도,천안시서북구,63,113
2113,충청남도,천안시서북구,64,112
2114,충청남도,천안시서북구,63,112
2115,충청남도,천안시서북구,64,113
2116,충청남도,천안시서북구,63,110
2117,충청남도,천안시서북구,63,111
2118,충청남도,천안시서북구,63,110
2119,충청남도,천안시서북구,63,110
2120,충청남도,천안시서북구,63,110
2121,충청남도,천안시서북구,62,110
2122,충청남도,천안시서북구,62,110
2123,충청남도,천안시서북구,62,110
2124,충청남도,천안시서북구,63,111
2125,충청남도,천안시서북구,63,111
2126,충청남도,공주시,63,102
2127,충청남도,공주시,60,105
2128,충청남도,공주시,62,101
2129,충청남도,공주시,61,100
2130,충청남도,공주시,63,100
2131,충청남도,공주시,65,101
2132,충청남도,공주시,63,104
2133,충청남도,공주시,63,106
2134,충청남도,공주시,61,103
2135,충청남도,공주시,61,104
2136,충청남도,공주시,60,104
2137,충청남도,공주시,63,102
2138,충청남도,공주시,63,103
2139,충청남도,공주시,63,102
2140,충청남도,공주시,63,103
2141,충청남도,공주시,63,103
2142,충청남도,공주시,63,103
2143,충청남도,보령시,54,100
2144,충청남도,보령시,54,98
2145,충청남도,보령시,53,102
2146,충청남도,보령시,52,102
2147,충청남도,보령시,52,103
2148,충청남도,보령시,53,102
2149,충청남도,보령시,55,101
2150,충청남도,보령시,54,99
2151,충청남도,보령시,54,97
2152,충청남도,보령시,55,97
2153,충청남도,보령시,54,100
2154,충청남도,보령시,53,101
2155,충청남도,보령시,53,100
2156,충청남도,보령시,53,100
2157,충청남도,보령시,54,100
2158,충청남도,보령시,54,100
2159,충청남도,보령시,52,99
2160,충청남도,아산시,60,110
2161,충청남도,아산시,60,110
2162,충청남도,아산시,62,110
2163,충청남도,아산시,61,109
2164,충청남도,아산시,61,110
2165,충청남도,아산시,61,111
2166,충청남도,아산시,61,113
2167,충청남도,아산시,60,111
2168,충청남도,아산시,58,111
2169,충청남도,아산시,58,110
2170,충청남도,아산시,58,109
2171,충청남도,아산시,59,110
2172,충청남도,아산시,60,110
2173,충청남도,아산시,60,110
2174,충청남도,아산시,61,110
2175,충청남도,아산시,60,110
2176,충청남도,아산시,60,109
2177,충청남도,아산시,61,109
2178,충청남도,서산시,51,110
2179,충청남도,서산시,51,113
2180,충청남도,서산시,50,109
2181,충청남도,서산시,50,108
2182,충청남도,서산시,49,110
2183,충청남도,서산시,51,111
2184,충청남도,서산시,51,111
2185,충청남도,서산시,52,110
2186,충청남도,서산시,53,110
2187,충청남도,서산시,53,108
2188,충청남도,서산시,52,107
2189,충청남도,서산시,51,110
2190,충청남도,서산시,51,110
2191,충청남도,서산시,51,110
2192,충청남도,서산시,51,109
2193,충청남도,서산시,51,109
2194,충청남도,논산시,62,97
2195,충청남도,논산시,61,96
2196,충청남도,논산시,62,95
2197,충청남도,논산시,61,97
2198,충청남도,논산시,62,98
2199,충청남도,논산시,63,99
2200,충청남도,논산시,63,99
2201,충청남도,논산시,63,97
2202,충청남도,논산시,64,97
2203,충청남도,논산시,65,97
2204,충청남도,논산시,65,96
2205,충청남도,논산시,63,96
2206,충청남도,논산시,62,96
2207,충청남도,논산시,62,96
2208,충청남도,논산시,62,97
2209,충청남도,논산시,62,97
2210,충청남도,계룡시,65,99
2211,충청남도,계룡시,65,98
2212,충청남도,계룡시,65,99
2213,충청남도,계룡시,65,99
2214,충청남도,계룡시,65,99
2215,충청남도,당진시,54,112
2216,충청남도,당진시,56,110
2217,충청남도,당진시,55,112
2218,충청남도,당진시,53,113
2219,충청남도,당진시,53,114
2220,충청남도,당진시,52,112
2221,충청남도,당진시,53,112
2222,충청남도,당진시,55,110
2223,충청남도,당진시,55,111
2224,충청남도,당진시,57,110
2225,충청남도,당진시,56,112
2226,충청남도,당진시,55,113
2227,충청남도,당진시,54,112
2228,충청남도,당진시,54,112
2229,충청남도,당진시,54,112
2230,충청남도,금산군,69,95
2231,충청남도,금산군,69,95
2232,충청남도,금산군,69,96
2233,충청남도,금산군,70,95
2234,충청남도,금산군,70,94
2235,충청남도,금산군,70,96
2236,충청남도,금산군,70,94
2237,충청남도,금산군,68,94
2238,충청남도,금산군,67,96
2239,충청남도,금산군,68,96
2240,충청남도,금산군,69,97
2241,충청남도,부여군,59,99
2242,충청남도,부여군,59,99
2243,충청남도,부여군,59,99
2244,충청남도,부여군,58,99
2245,충청남도,부여군,55,99
2246,충청남도,부여군,57,99
2247,충청남도,부여군,57,98
2248,충청남도,부여군,56,97
2249,충청남도,부여군,56,97
2250,충청남도,부여군,57,97
2251,충청남도,부여군,57,97
2252,충청남도,부여군,59,96
2253,충청남도,부여군,59,97
2254,충청남도,부여군,59,98
2255,충청남도,부여군,60,96
2256,충청남도,부여군,61,98
2257,충청남도,부여군,61,98
2258,충청남도,서천군,55,94
2259,충청남도,서천군,55,93
2260,충청남도,서천군,55,94
2261,충청남도,서천군,55,94
2262,충청남도,서천군,57,93
2263,충청남도,서천군,56,94
2264,충청남도,서천군,57,94
2265,충청남도,서천군,57,95
2266,충청남도,서천군,56,95
2267,충청남도,서천군,56,96
2268,충청남도,서천군,55,96
2269,충청남도,서천군,55,95
2270,충청남도,서천군,54,96
2271,충청남도,서천군,53,96
2272,충청남도,청양군,57,103
2273,충청남도,청양군,57,102
2274,충청남도,청양군,58,104
2275,충청남도,청양군,58,102
2276,충청남도,청양군,60,102
2277,충청남도,청양군,61,102
2278,충청남도,청양군,60,100
2279,충청남도,청양군,59,100
2280,충청남도,청양군,57,101
2281,충청남도,청양군,56,102
2282,충청남도,청양군,57,104
2283,충청남도,홍성군,55,106
2284,충청남도,홍성군,55,106
2285,충청남도,홍성군,54,104
2286,충청남도,홍성군,55,107
2287,충청남도,홍성군,56,106
2288,충청남도,홍성군,55,105
2289,충청남도,홍성군,55,104
2290,충청남도,홍성군,53,104
2291,충청남도,홍성군,53,104
2292,충청남도,홍성군,52,105
2293,충청남도,홍성군,53,106
2294,충청남도,홍성군,54,105
2295,충청남도,예산군,58,107
2296,충청남도,예산군,58,107
2297,충청남도,예산군,56,108
2298,충청남도,예산군,59,107
2299,충청남도,예산군,58,106
2300,충청남도,예산군,57,105
2301,충청남도,예산군,57,106
2302,충청남도,예산군,56,107
2303,충청남도,예산군,55,108
2304,충청남도,예산군,55,109
2305,충청남도,예산군,56,109
2306,충청남도,예산군,57,109
2307,충청남도,예산군,57,108
2308,충청남도,태안군,48,109
2309,충청남도,태안군,48,109
2310,충청남도,태안군,49,104
2311,충청남도,태안군,50,102
2312,충청남도,태안군,48,107
2313,충청남도,태안군,47,108
2314,충청남도,태안군,46,109
2315,충청남도,태안군,48,110
2316,충청남도,태안군,48,111
2317,전라남도,,51,67
2318,전라남도,목포시,50,67
2319,전라남도,목포시,50,66
2320,전라남도,목포시,50,66
2321,전라남도,목포시,50,66
2322,전라남도,목포시,50,67
2323,전라남도,목포시,50,67
2324,전라남도,목포시,50,67
2325,전라남도,목포시,50,66
2326,전라남도,목포시,50,66
2327,전라남도,목포시,50,66
2328,전라남도,목포시,50,66
2329,전라남도,목포시,50,66
2330,전라남도,목포시,50,66
2331,전라남도,목포시,50,66
2332,전라남도,목포시,50,67
2333,전라남도,목포시,50,67
2334,전라남도,목포시,50,66
2335,전라남도,목포시,50,67
2336,전라남도,목포시,51,67
2337,전라남도,목포시,51,66
2338,전라남도,목포시,51,67
2339,전라남도,목포시,51,67
2340,전라남도,목포시,51,66
2341,전라남도,목포시,51,67
2342,전라남도,여수시,73,66
2343,전라남도,여수시,74,63
2344,전라남도,여수시,72,66
2345,전라남도,여수시,71,68
2346,전라남도,여수시,72,65
2347,전라남도,여수시,75,60
2348,전라남도,여수시,73,63
2349,전라남도,여수시,67,50
2350,전라남도,여수시,74,65
2351,전라남도,여수시,74,65
2352,전라남도,여수시,74,65
2353,전라남도,여수시,74,66
2354,전라남도,여수시,74,66
2355,전라남도,여수시,74,65
2356,전라남도,여수시,74,65
2357,전라남도,여수시,74,65
2358,전라남도,여수시,74,65
2359,전라남도,여수시,74,66
2360,전라남도,여수시,74,66
2361,전라남도,여수시,74,66
2362,전라남도,여수시,73,66
2363,전라남도,여수시,74,66
2364,전라남도,여수시,73,66
2365,전라남도,여수시,73,66
2366,전라남도,여수시,73,66
2367,전라남도,여수시,73,66
2368,전라남도,여수시,73,67
2369,전라남도,여수시,74,68
2370,전라남도,순천시,70,70
2371,전라남도,순천시,68,71
2372,전라남도,순천시,71,69
2373,전라남도,순천시,70,71
2374,전라남도,순천시,69,73
2375,전라남도,순천시,68,73
2376,전라남도,순천시,65,73
2377,전라남도,순천시,66,70
2378,전라남도,순천시,66,69
2379,전라남도,순천시,67,69
2380,전라남도,순천시,69,68
2381,전라남도,순천시,69,70
2382,전라남도,순천시,70,70
2383,전라남도,순천시,70,70
2384,전라남도,순천시,70,70
2385,전라남도,순천시,70,70
2386,전라남도,순천시,70,70
2387,전라남도,순천시,70,70
2388,전라남도,순천시,70,70
2389,전라남도,순천시,70,70
2390,전라남도,순천시,70,70
2391,전라남도,순천시,70,70
2392,전라남도,순천시,70,69
2393,전라남도,순천시,70,70
2394,전라남도,순천시,70,70
2395,전라남도,나주시,56,71
2396,전라남도,나주시,58,72
2397,전라남도,나주시,56,69
2398,전라남도,나주시,55,70
2399,전라남도,나주시,55,69
2400,전라남도,나주시,54,70
2401,전라남도,나주시,53,69
2402,전라남도,나주시,54,71
2403,전라남도,나주시,54,72
2404,전라남도,나주시,56,72
2405,전라남도,나주시,57,71
2406,전라남도,나주시,57,72
2407,전라남도,나주시,58,70
2408,전라남도,나주시,57,70
2409,전라남도,나주시,56,71
2410,전라남도,나주시,56,71
2411,전라남도,나주시,56,71
2412,전라남도,나주시,56,72
2413,전라남도,나주시,56,71
2414,전라남도,나주시,56,71
2415,전라남도,나주시,57,71
2416,전라남도,광양시,73,70
2417,전라남도,광양시,71,70
2418,전라남도,광양시,71,71
2419,전라남도,광양시,72,71
2420,전라남도,광양시,73,71
2421,전라남도,광양시,74,71
2422,전라남도,광양시,74,71
2423,전라남도,광양시,73,74
2424,전라남도,광양시,73,70
2425,전라남도,광양시,73,70
2426,전라남도,광양시,74,70
2427,전라남도,광양시,74,70
2428,전라남도,광양시,74,70
2429,전라남도,담양군,61,78
2430,전라남도,담양군,61,78
2431,전라남도,담양군,60,77
2432,전라남도,담양군,60,76
2433,전라남도,담양군,61,75
2434,전라남도,담양군,61,76
2435,전라남도,담양군,62,76
2436,전라남도,담양군,61,77
2437,전라남도,담양군,61,78
2438,전라남도,담양군,61,79
2439,전라남도,담양군,60,78
2440,전라남도,담양군,60,77
2441,전라남도,담양군,59,77
2442,전라남도,곡성군,66,77
2443,전라남도,곡성군,66,77
2444,전라남도,곡성군,66,77
2445,전라남도,곡성군,65,76
2446,전라남도,곡성군,65,74
2447,전라남도,곡성군,66,74
2448,전라남도,곡성군,67,74
2449,전라남도,곡성군,67,77
2450,전라남도,곡성군,63,77
2451,전라남도,곡성군,64,77
2452,전라남도,곡성군,64,76
2453,전라남도,곡성군,63,76
2454,전라남도,구례군,69,75
2455,전라남도,구례군,69,76
2456,전라남도,구례군,70,75
2457,전라남도,구례군,71,75
2458,전라남도,구례군,70,75
2459,전라남도,구례군,70,76
2460,전라남도,구례군,69,77
2461,전라남도,구례군,69,76
2462,전라남도,구례군,69,78
2463,전라남도,고흥군,66,62
2464,전라남도,고흥군,66,62
2465,전라남도,고흥군,64,61
2466,전라남도,고흥군,65,62
2467,전라남도,고흥군,64,61
2468,전라남도,고흥군,63,59
2469,전라남도,고흥군,67,60
2470,전라남도,고흥군,67,62
2471,전라남도,고흥군,69,59
2472,전라남도,고흥군,68,63
2473,전라남도,고흥군,67,64
2474,전라남도,고흥군,67,65
2475,전라남도,고흥군,67,66
2476,전라남도,고흥군,66,66
2477,전라남도,고흥군,66,63
2478,전라남도,고흥군,69,62
2479,전라남도,고흥군,69,60
2480,전라남도,보성군,62,66
2481,전라남도,보성군,62,66
2482,전라남도,보성군,67,68
2483,전라남도,보성군,62,66
2484,전라남도,보성군,63,66
2485,전라남도,보성군,64,67
2486,전라남도,보성군,64,68
2487,전라남도,보성군,63,69
2488,전라남도,보성군,64,69
2489,전라남도,보성군,65,67
2490,전라남도,보성군,64,66
2491,전라남도,보성군,63,64
2492,전라남도,보성군,61,65
2493,전라남도,화순군,61,72
2494,전라남도,화순군,61,72
2495,전라남도,화순군,61,70
2496,전라남도,화순군,60,70
2497,전라남도,화순군,60,68
2498,전라남도,화순군,61,68
2499,전라남도,화순군,60,71
2500,전라남도,화순군,59,71
2501,전라남도,화순군,59,69
2502,전라남도,화순군,62,73
2503,전라남도,화순군,63,75
2504,전라남도,화순군,63,72
2505,전라남도,화순군,63,71
2506,전라남도,화순군,62,71
2507,전라남도,장흥군,59,64
2508,전라남도,장흥군,59,64
2509,전라남도,장흥군,60,61
2510,전라남도,장흥군,59,60
2511,전라남도,장흥군,59,62
2512,전라남도,장흥군,61,63
2513,전라남도,장흥군,61,65
2514,전라남도,장흥군,61,66
2515,전라남도,장흥군,58,66
2516,전라남도,장흥군,59,65
2517,전라남도,장흥군,60,59
2518,전라남도,강진군,57,63
2519,전라남도,강진군,57,63
2520,전라남도,강진군,58,63
2521,전라남도,강진군,57,61
2522,전라남도,강진군,57,60
2523,전라남도,강진군,56,61
2524,전라남도,강진군,56,60
2525,전라남도,강진군,56,64
2526,전라남도,강진군,57,64
2527,전라남도,강진군,58,65
2528,전라남도,강진군,57,65
2529,전라남도,강진군,58,59
2530,전라남도,해남군,54,61
2531,전라남도,해남군,54,61
2532,전라남도,해남군,54,60
2533,전라남도,해남군,52,60
2534,전라남도,해남군,53,59
2535,전라남도,해남군,52,57
2536,전라남도,해남군,54,58
2537,전라남도,해남군,55,59
2538,전라남도,해남군,55,61
2539,전라남도,해남군,55,63
2540,전라남도,해남군,53,62
2541,전라남도,해남군,51,61
2542,전라남도,해남군,51,63
2543,전라남도,해남군,49,62
2544,전라남도,해남군,49,64
2545,전라남도,영암군,56,66
2546,전라남도,영암군,56,66
2547,전라남도,영암군,51,65
2548,전라남도,영암군,56,67
2549,전라남도,영암군,56,68
2550,전라남도,영암군,55,68
2551,전라남도,영암군,54,68
2552,전라남도,영암군,55,67
2553,전라남도,영암군,55,66
2554,전라남도,영암군,54,65
2555,전라남도,영암군,53,65
2556,전라남도,영암군,53,64
2557,전라남도,무안군,52,71
2558,전라남도,무안군,52,71
2559,전라남도,무안군,52,67
2560,전라남도,무안군,51,67
2561,전라남도,무안군,52,69
2562,전라남도,무안군,51,69
2563,전라남도,무안군,50,71
2564,전라남도,무안군,50,71
2565,전라남도,무안군,48,73
2566,전라남도,무안군,49,70
2567,전라남도,함평군,52,72
2568,전라남도,함평군,52,72
2569,전라남도,함평군,51,74
2570,전라남도,함평군,52,74
2571,전라남도,함평군,53,71
2572,전라남도,함평군,52,71
2573,전라남도,함평군,53,72
2574,전라남도,함평군,54,73
2575,전라남도,함평군,54,75
2576,전라남도,함평군,54,75
2577,전라남도,영광군,52,77
2578,전라남도,영광군,52,77
2579,전라남도,영광군,51,77
2580,전라남도,영광군,51,79
2581,전라남도,영광군,53,77
2582,전라남도,영광군,53,76
2583,전라남도,영광군,52,75
2584,전라남도,영광군,52,76
2585,전라남도,영광군,51,76
2586,전라남도,영광군,50,75
2587,전라남도,영광군,51,79
2588,전라남도,영광군,45,75
2589,전라남도,장성군,57,77
2590,전라남도,장성군,57,77
2591,전라남도,장성군,58,77
2592,전라남도,장성군,58,76
2593,전라남도,장성군,56,77
2594,전라남도,장성군,55,76
2595,전라남도,장성군,55,76
2596,전라남도,장성군,57,77
2597,전라남도,장성군,57,78
2598,전라남도,장성군,57,79
2599,전라남도,장성군,57,80
2600,전라남도,장성군,59,80
2601,전라남도,완도군,57,56
2602,전라남도,완도군,57,56
2603,전라남도,완도군,62,57
2604,전라남도,완도군,53,53
2605,전라남도,완도군,55,57
2606,전라남도,완도군,58,56
2607,전라남도,완도군,58,58
2608,전라남도,완도군,59,58
2609,전라남도,완도군,59,53
2610,전라남도,완도군,55,53
2611,전라남도,완도군,62,58
2612,전라남도,완도군,53,53
2613,전라남도,완도군,61,56
2614,전라남도,진도군,48,59
2615,전라남도,진도군,48,59
2616,전라남도,진도군,48,60
2617,전라남도,진도군,49,60
2618,전라남도,진도군,48,58
2619,전라남도,진도군,46,58
2620,전라남도,진도군,46,58
2621,전라남도,진도군,44,55
2622,전라남도,신안군,50,66
2623,전라남도,신안군,47,72
2624,전라남도,신안군,49,68
2625,전라남도,신안군,46,71
2626,전라남도,신안군,45,73
2627,전라남도,신안군,44,68
2628,전라남도,신안군,42,65
2629,전라남도,신안군,42,64
2630,전라남도,신안군,33,64
2631,전라남도,신안군,44,62
2632,전라남도,신안군,45,62
2633,전라남도,신안군,46,63
2634,전라남도,신안군,45,65
2635,전라남도,신안군,46,66
2636,전라남도,신안군,45,67
2637,경상북도,,87,106
2638,경상북도,포항시남구,102,94
2639,경상북도,포항시남구,105,94
2640,경상북도,포항시남구,102,94
2641,경상북도,포항시남구,103,93
2642,경상북도,포항시남구,102,93
2643,경상북도,포항시남구,104,94
2644,경상북도,포항시남구,105,92
2645,경상북도,포항시남구,106,96
2646,경상북도,포항시남구,102,94
2647,경상북도,포항시남구,102,94
2648,경상북도,포항시남구,102,94
2649,경상북도,포항시남구,103,94
2650,경상북도,포항시남구,103,94
2651,경상북도,포항시남구,102,94
2652,경상북도,포항시남구,102,94
2653,경상북도,포항시북구,102,95
2654,경상북도,포항시북구,102,96
2655,경상북도,포항시북구,100,97
2656,경상북도,포항시북구,102,98
2657,경상북도,포항시북구,102,99
2658,경상북도,포항시북구,100,95
2659,경상북도,포항시북구,97,97
2660,경상북도,포항시북구,99,96
2661,경상북도,포항시북구,102,95
2662,경상북도,포항시북구,102,94
2663,경상북도,포항시북구,102,95
2664,경상북도,포항시북구,102,95
2665,경상북도,포항시북구,102,95
2666,경상북도,포항시북구,102,95
2667,경상북도,포항시북구,102,95
2668,경상북도,포항시북구,103,95
2669,경상북도,경주시,100,91
2670,경상북도,경주시,105,90
2671,경상북도,경주시,100,93
2672,경상북도,경주시,98,90
2673,경상북도,경주시,102,88
2674,경상북도,경주시,104,89
2675,경상북도,경주시,104,87
2676,경상북도,경주시,100,88
2677,경상북도,경주시,97,88
2678,경상북도,경주시,97,91
2679,경상북도,경주시,100,91
2680,경상북도,경주시,101,93
2681,경상북도,경주시,101,91
2682,경상북도,경주시,100,90
2683,경상북도,경주시,100,90
2684,경상북도,경주시,100,90
2685,경상북도,경주시,100,90
2686,경상북도,경주시,99,90
2687,경상북도,경주시,100,90
2688,경상북도,경주시,100,91
2689,경상북도,경주시,100,91
2690,경상북도,경주시,100,90
2691,경상북도,경주시,101,89
2692,경상북도,경주시,101,90
2693,경상북도,김천시,80,96
2694,경상북도,김천시,83,97
2695,경상북도,김천시,81,95
2696,경상북도,김천시,82,95
2697,경상북도,김천시,81,97
2698,경상북도,김천시,81,98
2699,경상북도,김천시,80,97
2700,경상북도,김천시,79,96
2701,경상북도,김천시,79,96
2702,경상북도,김천시,80,94
2703,경상북도,김천시,80,94
2704,경상북도,김천시,79,94
2705,경상북도,김천시,79,93
2706,경상북도,김천시,77,93
2707,경상북도,김천시,78,91
2708,경상북도,김천시,79,91
2709,경상북도,김천시,80,96
2710,경상북도,김천시,80,96
2711,경상북도,김천시,80,95
2712,경상북도,김천시,80,96
2713,경상북도,김천시,80,96
2714,경상북도,김천시,81,96
2715,경상북도,김천시,81,96
2716,경상북도,안동시,91,106
2717,경상북도,안동시,88,106
2718,경상북도,안동시,91,107
2719,경상북도,안동시,90,108
2720,경상북도,안동시,90,107
2721,경상북도,안동시,87,105
2722,경상북도,안동시,90,104
2723,경상북도,안동시,90,105
2724,경상북도,안동시,91,105
2725,경상북도,안동시,92,105
2726,경상북도,안동시,94,103
2727,경상북도,안동시,94,106
2728,경상북도,안동시,93,108
2729,경상북도,안동시,92,110
2730,경상북도,안동시,91,110
2731,경상북도,안동시,91,106
2732,경상북도,안동시,91,106
2733,경상북도,안동시,91,105
2734,경상북도,안동시,90,106
2735,경상북도,안동시,90,106
2736,경상북도,안동시,90,106
2737,경상북도,안동시,90,106
2738,경상북도,안동시,90,106
2739,경상북도,안동시,90,106
2740,경상북도,안동시,91,105
2741,경상북도,구미시,84,96
2742,경상북도,구미시,83,98
2743,경상북도,구미시,84,97
2744,경상북도,구미시,86,97
2745,경상북도,구미시,82,99
2746,경상북도,구미시,83,100
2747,경상북도,구미시,84,100
2748,경상북도,구미시,85,97
2749,경상북도,구미시,87,96
2750,경상북도,구미시,84,96
2751,경상북도,구미시,84,96
2752,경상북도,구미시,84,96
2753,경상북도,구미시,84,96
2754,경상북도,구미시,84,96
2755,경상북도,구미시,84,96
2756,경상북도,구미시,84,95
2757,경상북도,구미시,85,96
2758,경상북도,구미시,85,96
2759,경상북도,구미시,85,96
2760,경상북도,구미시,85,95
2761,경상북도,구미시,84,95
2762,경상북도,구미시,85,95
2763,경상북도,구미시,86,95
2764,경상북도,구미시,86,95
2765,경상북도,구미시,86,96
2766,경상북도,구미시,85,95
2767,경상북도,영주시,89,111
2768,경상북도,영주시,87,112
2769,경상북도,영주시,89,111
2770,경상북도,영주시,90,109
2771,경상북도,영주시,89,110
2772,경상북도,영주시,88,110
2773,경상북도,영주시,87,112
2774,경상북도,영주시,87,112
2775,경상북도,영주시,88,113
2776,경상북도,영주시,88,114
2777,경상북도,영주시,89,115
2778,경상북도,영주시,89,111
2779,경상북도,영주시,89,111
2780,경상북도,영주시,89,111
2781,경상북도,영주시,89,111
2782,경상북도,영주시,89,111
2783,경상북도,영주시,89,111
2784,경상북도,영주시,89,111
2785,경상북도,영주시,89,111
2786,경상북도,영주시,88,111
2787,경상북도,영천시,95,93
2788,경상북도,영천시,94,92
2789,경상북도,영천시,93,93
2790,경상북도,영천시,92,94
2791,경상북도,영천시,93,94
2792,경상북도,영천시,94,96
2793,경상북도,영천시,94,95
2794,경상북도,영천시,96,95
2795,경상북도,영천시,95,94
2796,경상북도,영천시,97,94
2797,경상북도,영천시,96,92
2798,경상북도,영천시,94,91
2799,경상북도,영천시,95,93
2800,경상북도,영천시,95,93
2801,경상북도,영천시,95,93
2802,경상북도,영천시,95,93
2803,경상북도,영천시,95,93
2804,경상북도,상주시,81,102
2805,경상북도,상주시,81,105
2806,경상북도,상주시,83,102
2807,경상북도,상주시,82,103
2808,경상북도,상주시,82,101
2809,경상북도,상주시,80,100
2810,경상북도,상주시,80,99
2811,경상북도,상주시,80,101
2812,경상북도,상주시,79,102
2813,경상북도,상주시,77,100
2814,경상북도,상주시,77,100
2815,경상북도,상주시,77,101
2816,경상북도,상주시,77,103
2817,경상북도,상주시,77,105
2818,경상북도,상주시,80,103
2819,경상북도,상주시,79,105
2820,경상북도,상주시,81,104
2821,경상북도,상주시,80,106
2822,경상북도,상주시,76,103
2823,경상북도,상주시,81,102
2824,경상북도,상주시,81,102
2825,경상북도,상주시,81,102
2826,경상북도,상주시,81,102
2827,경상북도,상주시,81,102
2828,경상북도,상주시,81,102
2829,경상북도,문경시,81,106
2830,경상북도,문경시,80,109
2831,경상북도,문경시,79,107
2832,경상북도,문경시,82,106
2833,경상북도,문경시,82,106
2834,경상북도,문경시,82,107
2835,경상북도,문경시,82,107
2836,경상북도,문경시,83,110
2837,경상북도,문경시,80,108
2838,경상북도,문경시,78,106
2839,경상북도,문경시,81,106
2840,경상북도,문경시,81,106
2841,경상북도,문경시,82,106
2842,경상북도,문경시,81,107
2843,경상북도,문경시,81,106
2844,경상북도,경산시,91,90
2845,경상북도,경산시,93,91
2846,경상북도,경산시,93,91
2847,경상북도,경산시,92,90
2848,경상북도,경산시,93,92
2849,경상북도,경산시,93,89
2850,경상북도,경산시,94,89
2851,경상북도,경산시,93,89
2852,경상북도,경산시,91,88
2853,경상북도,경산시,91,90
2854,경상북도,경산시,91,89
2855,경상북도,경산시,91,89
2856,경상북도,경산시,91,89
2857,경상북도,경산시,91,90
2858,경상북도,경산시,92,90
2859,경상북도,경산시,92,89
2860,경상북도,의성군,90,101
2861,경상북도,의성군,90,101
2862,경상북도,의성군,90,102
2863,경상북도,의성군,91,103
2864,경상북도,의성군,92,102
2865,경상북도,의성군,92,100
2866,경상북도,의성군,92,99
2867,경상북도,의성군,91,98
2868,경상북도,의성군,90,99
2869,경상북도,의성군,88,100
2870,경상북도,의성군,87,101
2871,경상북도,의성군,86,101
2872,경상북도,의성군,85,101
2873,경상북도,의성군,85,102
2874,경상북도,의성군,86,102
2875,경상북도,의성군,84,103
2876,경상북도,의성군,87,103
2877,경상북도,의성군,88,101
2878,경상북도,의성군,86,103
2879,경상북도,청송군,96,103
2880,경상북도,청송군,96,103
2881,경상북도,청송군,98,101
2882,경상북도,청송군,97,101
2883,경상북도,청송군,96,100
2884,경상북도,청송군,94,100
2885,경상북도,청송군,95,100
2886,경상북도,청송군,96,104
2887,경상북도,청송군,96,105
2888,경상북도,영양군,97,108
2889,경상북도,영양군,97,108
2890,경상북도,영양군,97,106
2891,경상북도,영양군,96,108
2892,경상북도,영양군,98,109
2893,경상북도,영양군,99,110
2894,경상북도,영양군,98,106
2895,경상북도,영덕군,102,103
2896,경상북도,영덕군,102,103
2897,경상북도,영덕군,102,102
2898,경상북도,영덕군,102,100
2899,경상북도,영덕군,101,102
2900,경상북도,영덕군,100,103
2901,경상북도,영덕군,103,105
2902,경상북도,영덕군,103,105
2903,경상북도,영덕군,103,107
2904,경상북도,영덕군,102,106
2905,경상북도,청도군,91,86
2906,경상북도,청도군,91,86
2907,경상북도,청도군,92,86
2908,경상북도,청도군,90,85
2909,경상북도,청도군,89,85
2910,경상북도,청도군,89,86
2911,경상북도,청도군,90,86
2912,경상북도,청도군,95,87
2913,경상북도,청도군,94,87
2914,경상북도,청도군,94,86
2915,경상북도,고령군,83,87
2916,경상북도,고령군,83,87
2917,경상북도,고령군,82,88
2918,경상북도,고령군,84,88
2919,경상북도,고령군,85,88
2920,경상북도,고령군,86,89
2921,경상북도,고령군,85,87
2922,경상북도,고령군,84,86
2923,경상북도,고령군,83,86
2924,경상북도,성주군,83,91
2925,경상북도,성주군,83,91
2926,경상북도,성주군,85,91
2927,경상북도,성주군,84,90
2928,경상북도,성주군,82,89
2929,경상북도,성주군,81,91
2930,경상북도,성주군,81,91
2931,경상북도,성주군,82,91
2932,경상북도,성주군,82,92
2933,경상북도,성주군,83,93
2934,경상북도,성주군,84,92
2935,경상북도,칠곡군,85,93
2936,경상북도,칠곡군,85,93
2937,경상북도,칠곡군,84,94
2938,경상북도,칠곡군,85,94
2939,경상북도,칠곡군,87,92
2940,경상북도,칠곡군,88,93
2941,경상북도,칠곡군,88,95
2942,경상북도,칠곡군,85,94
2943,경상북도,칠곡군,85,93
2944,경상북도,예천군,86,107
2945,경상북도,예천군,86,107
2946,경상북도,예천군,85,108
2947,경상북도,예천군,87,109
2948,경상북도,예천군,87,108
2949,경상북도,예천군,86,106
2950,경상북도,예천군,85,107
2951,경상북도,예천군,83,106
2952,경상북도,예천군,84,106
2953,경상북도,예천군,85,105
2954,경상북도,예천군,83,104
2955,경상북도,예천군,85,110
2956,경상북도,예천군,86,109
2957,경상북도,봉화군,90,113
2958,경상북도,봉화군,91,113
2959,경상북도,봉화군,90,115
2960,경상북도,봉화군,92,113
2961,경상북도,봉화군,93,113
2962,경상북도,봉화군,94,114
2963,경상북도,봉화군,95,114
2964,경상북도,봉화군,95,111
2965,경상북도,봉화군,93,112
2966,경상북도,봉화군,91,111
2967,경상북도,봉화군,96,116
2968,경상북도,울진군,102,115
2969,경상북도,울진군,102,115
2970,경상북도,울진군,103,110
2971,경상북도,울진군,101,118
2972,경상북도,울진군,102,115
2973,경상북도,울진군,103,111
2974,경상북도,울진군,101,109
2975,경상북도,울진군,102,117
2976,경상북도,울진군,103,109
2977,경상북도,울진군,99,114
2978,경상북도,울진군,102,114
2979,경상북도,울릉군,127,127
2980,경상북도,울릉군,127,127
2981,경상북도,울릉군,126,127
2982,경상북도,울릉군,127,129
2983,경상북도,울릉군,144,123
2984,경상남도,,91,77
2985,경상남도,창원시의창구,90,77
2986,경상남도,창원시의창구,91,78
2987,경상남도,창원시의창구,89,79
2988,경상남도,창원시의창구,91,79
2989,경상남도,창원시의창구,90,77
2990,경상남도,창원시의창구,90,77
2991,경상남도,창원시의창구,90,77
2992,경상남도,창원시의창구,91,77
2993,경상남도,창원시성산구,91,76
2994,경상남도,창원시성산구,91,77
2995,경상남도,창원시성산구,91,77
2996,경상남도,창원시성산구,91,77
2997,경상남도,창원시성산구,91,76
2998,경상남도,창원시성산구,91,76
2999,경상남도,창원시성산구,91,76
3000,경상남도,창원시성산구,91,76
3001,경상남도,창원시성산구,90,76
3002,경상남도,창원시마산합포구,89,76
3003,경상남도,창원시마산합포구,89,74
3004,경상남도,창원시마산합포구,88,74
3005,경상남도,창원시마산합포구,87,74
3006,경상남도,창원시마산합포구,86,74
3007,경상남도,창원시마산합포구,89,75
3008,경상남도,창원시마산합포구,89,75
3009,경상남도,창원시마산합포구,89,76
3010,경상남도,창원시마산합포구,89,76
3011,경상남도,창원시마산합포구,89,76
3012,경상남도,창원시마산합포구,89,76
3013,경상남도,창원시마산합포구,89,76
3014,경상남도,창원시마산합포구,89,76
3015,경상남도,창원시마산합포구,89,76
3016,경상남도,창원시마산합포구,89,76
3017,경상남도,창원시마산합포구,89,76
3018,경상남도,창원시마산회원구,89,76
3019,경상남도,창원시마산회원구,88,77
3020,경상남도,창원시마산회원구,89,76
3021,경상남도,창원시마산회원구,89,76
3022,경상남도,창원시마산회원구,89,77
3023,경상남도,창원시마산회원구,89,77
3024,경상남도,창원시마산회원구,89,77
3025,경상남도,창원시마산회원구,89,77
3026,경상남도,창원시마산회원구,89,77
3027,경상남도,창원시마산회원구,89,77
3028,경상남도,창원시마산회원구,89,77
3029,경상남도,창원시마산회원구,89,77
3030,경상남도,창원시마산회원구,89,76
3031,경상남도,창원시진해구,91,75
3032,경상남도,창원시진해구,91,75
3033,경상남도,창원시진해구,91,75
3034,경상남도,창원시진해구,91,75
3035,경상남도,창원시진해구,91,75
3036,경상남도,창원시진해구,91,75
3037,경상남도,창원시진해구,91,75
3038,경상남도,창원시진해구,91,75
3039,경상남도,창원시진해구,91,75
3040,경상남도,창원시진해구,91,75
3041,경상남도,창원시진해구,91,75
3042,경상남도,창원시진해구,92,74
3043,경상남도,창원시진해구,93,75
3044,경상남도,창원시진해구,93,74
3045,경상남도,진주시,81,75
3046,경상남도,진주시,82,75
3047,경상남도,진주시,80,75
3048,경상남도,진주시,81,74
3049,경상남도,진주시,82,73
3050,경상남도,진주시,83,75
3051,경상남도,진주시,84,75
3052,경상남도,진주시,85,75
3053,경상남도,진주시,84,75
3054,경상남도,진주시,83,76
3055,경상남도,진주시,82,77
3056,경상남도,진주시,81,76
3057,경상남도,진주시,80,76
3058,경상남도,진주시,81,78
3059,경상남도,진주시,79,76
3060,경상남도,진주시,78,76
3061,경상남도,진주시,77,75
3062,경상남도,진주시,80,75
3063,경상남도,진주시,80,76
3064,경상남도,진주시,80,75
3065,경상남도,진주시,80,76
3066,경상남도,진주시,81,75
3067,경상남도,진주시,81,75
3068,경상남도,진주시,81,75
3069,경상남도,진주시,81,76
3070,경상남도,진주시,79,75
3071,경상남도,진주시,80,75
3072,경상남도,진주시,80,75
3073,경상남도,진주시,80,75
3074,경상남도,진주시,81,75
3075,경상남도,진주시,81,75
3076,경상남도,통영시,87,68
3077,경상남도,통영시,86,67
3078,경상남도,통영시,87,68
3079,경상남도,통영시,85,69
3080,경상남도,통영시,86,69
3081,경상남도,통영시,84,63
3082,경상남도,통영시,88,66
3083,경상남도,통영시,83,68
3084,경상남도,통영시,86,68
3085,경상남도,통영시,86,68
3086,경상남도,통영시,87,68
3087,경상남도,통영시,87,68
3088,경상남도,통영시,87,68
3089,경상남도,통영시,86,68
3090,경상남도,통영시,86,68
3091,경상남도,통영시,87,68
3092,경상남도,사천시,80,71
3093,경상남도,사천시,80,73
3094,경상남도,사천시,81,72
3095,경상남도,사천시,80,72
3096,경상남도,사천시,80,71
3097,경상남도,사천시,80,74
3098,경상남도,사천시,78,72
3099,경상남도,사천시,78,74
3100,경상남도,사천시,78,71
3101,경상남도,사천시,80,70
3102,경상남도,사천시,80,70
3103,경상남도,사천시,80,70
3104,경상남도,사천시,80,70
3105,경상남도,사천시,81,70
3106,경상남도,사천시,80,71
3107,경상남도,김해시,95,77
3108,경상남도,김해시,92,78
3109,경상남도,김해시,93,77
3110,경상남도,김해시,92,77
3111,경상남도,김해시,93,79
3112,경상남도,김해시,94,79
3113,경상남도,김해시,95,78
3114,경상남도,김해시,96,77
3115,경상남도,김해시,94,77
3116,경상남도,김해시,94,77
3117,경상남도,김해시,94,77
3118,경상남도,김해시,94,77
3119,경상남도,김해시,94,77
3120,경상남도,김해시,94,76
3121,경상남도,김해시,95,77
3122,경상남도,김해시,95,77
3123,경상남도,김해시,95,77
3124,경상남도,김해시,93,76
3125,경상남도,김해시,93,76
3126,경상남도,김해시,93,76
3127,경상남도,밀양시,92,83
3128,경상남도,밀양시,93,80
3129,경상남도,밀양시,91,80
3130,경상남도,밀양시,91,83
3131,경상남도,밀양시,92,84
3132,경상남도,밀양시,93,83
3133,경상남도,밀양시,94,84
3134,경상남도,밀양시,94,83
3135,경상남도,밀양시,92,81
3136,경상남도,밀양시,91,81
3137,경상남도,밀양시,90,82
3138,경상남도,밀양시,90,83
3139,경상남도,밀양시,92,82
3140,경상남도,밀양시,92,82
3141,경상남도,밀양시,92,82
3142,경상남도,밀양시,92,82
3143,경상남도,밀양시,92,83
3144,경상남도,거제시,90,69
3145,경상남도,거제시,92,68
3146,경상남도,거제시,90,68
3147,경상남도,거제시,90,66
3148,경상남도,거제시,89,68
3149,경상남도,거제시,88,68
3150,경상남도,거제시,88,70
3151,경상남도,거제시,91,70
3152,경상남도,거제시,91,71
3153,경상남도,거제시,91,71
3154,경상남도,거제시,92,69
3155,경상남도,거제시,92,69
3156,경상남도,거제시,91,69
3157,경상남도,거제시,91,69
3158,경상남도,거제시,91,69
3159,경상남도,거제시,90,69
3160,경상남도,거제시,90,69
3161,경상남도,거제시,90,69
3162,경상남도,거제시,91,69
3163,경상남도,양산시,97,79
3164,경상남도,양산시,96,78
3165,경상남도,양산시,98,79
3166,경상남도,양산시,95,80
3167,경상남도,양산시,97,81
3168,경상남도,양산시,98,82
3169,경상남도,양산시,97,79
3170,경상남도,양산시,97,79
3171,경상남도,양산시,97,79
3172,경상남도,양산시,97,79
3173,경상남도,양산시,99,81
3174,경상남도,양산시,99,81
3175,경상남도,양산시,99,80
3176,경상남도,양산시,99,80
3177,경상남도,의령군,83,78
3178,경상남도,의령군,83,78
3179,경상남도,의령군,83,78
3180,경상남도,의령군,82,79
3181,경상남도,의령군,81,79
3182,경상남도,의령군,82,77
3183,경상남도,의령군,84,79
3184,경상남도,의령군,84,80
3185,경상남도,의령군,85,80
3186,경상남도,의령군,85,82
3187,경상남도,의령군,84,81
3188,경상남도,의령군,83,82
3189,경상남도,의령군,83,81
3190,경상남도,의령군,84,81
3191,경상남도,함안군,86,77
3192,경상남도,함안군,86,77
3193,경상남도,함안군,88,78
3194,경상남도,함안군,86,77
3195,경상남도,함안군,85,77
3196,경상남도,함안군,85,78
3197,경상남도,함안군,86,79
3198,경상남도,함안군,87,79
3199,경상남도,함안군,88,79
3200,경상남도,함안군,86,77
3201,경상남도,함안군,86,76
3202,경상남도,창녕군,87,83
3203,경상남도,창녕군,87,83
3204,경상남도,창녕군,87,80
3205,경상남도,창녕군,88,84
3206,경상남도,창녕군,87,85
3207,경상남도,창녕군,87,85
3208,경상남도,창녕군,85,84
3209,경상남도,창녕군,86,82
3210,경상남도,창녕군,87,84
3211,경상남도,창녕군,88,82
3212,경상남도,창녕군,88,81
3213,경상남도,창녕군,87,81
3214,경상남도,창녕군,88,81
3215,경상남도,창녕군,89,80
3216,경상남도,창녕군,89,81
3217,경상남도,고성군,85,71
3218,경상남도,고성군,85,71
3219,경상남도,고성군,84,70
3220,경상남도,고성군,82,70
3221,경상남도,고성군,81,70
3222,경상남도,고성군,82,71
3223,경상남도,고성군,84,72
3224,경상남도,고성군,82,72
3225,경상남도,고성군,83,74
3226,경상남도,고성군,83,73
3227,경상남도,고성군,85,73
3228,경상남도,고성군,85,73
3229,경상남도,고성군,85,73
3230,경상남도,고성군,86,72
3231,경상남도,고성군,86,71
3232,경상남도,남해군,77,68
3233,경상남도,남해군,77,68
3234,경상남도,남해군,78,67
3235,경상남도,남해군,79,65
3236,경상남도,남해군,79,67
3237,경상남도,남해군,80,65
3238,경상남도,남해군,77,66
3239,경상남도,남해군,76,67
3240,경상남도,남해군,77,69
3241,경상남도,남해군,77,69
3242,경상남도,남해군,79,68
3243,경상남도,하동군,74,73
3244,경상남도,하동군,74,73
3245,경상남도,하동군,72,75
3246,경상남도,하동군,74,75
3247,경상남도,하동군,75,73
3248,경상남도,하동군,75,73
3249,경상남도,하동군,76,72
3250,경상남도,하동군,76,70
3251,경상남도,하동군,77,72
3252,경상남도,하동군,76,72
3253,경상남도,하동군,77,74
3254,경상남도,하동군,75,74
3255,경상남도,하동군,77,75
3256,경상남도,하동군,75,70
3257,경상남도,산청군,76,80
3258,경상남도,산청군,76,80
3259,경상남도,산청군,77,81
3260,경상남도,산청군,76,81
3261,경상남도,산청군,76,82
3262,경상남도,산청군,76,80
3263,경상남도,산청군,76,78
3264,경상남도,산청군,76,77
3265,경상남도,산청군,78,78
3266,경상남도,산청군,78,78
3267,경상남도,산청군,79,79
3268,경상남도,산청군,79,80
3269,경상남도,함양군,74,82
3270,경상남도,함양군,74,82
3271,경상남도,함양군,73,80
3272,경상남도,함양군,74,82
3273,경상남도,함양군,75,81
3274,경상남도,함양군,75,82
3275,경상남도,함양군,74,83
3276,경상남도,함양군,75,85
3277,경상남도,함양군,73,85
3278,경상남도,함양군,73,86
3279,경상남도,함양군,72,83
3280,경상남도,함양군,73,83
3281,경상남도,거창군,77,86
3282,경상남도,거창군,77,86
3283,경상남도,거창군,77,87
3284,경상남도,거창군,77,89
3285,경상남도,거창군,76,89
3286,경상남도,거창군,75,88
3287,경상남도,거창군,75,87
3288,경상남도,거창군,76,86
3289,경상남도,거창군,77,85
3290,경상남도,거창군,77,86
3291,경상남도,거창군,77,84
3292,경상남도,거창군,79,87
3293,경상남도,거창군,78,88
3294,경상남도,합천군,81,84
3295,경상남도,합천군,81,84
3296,경상남도,합천군,79,85
3297,경상남도,합천군,80,86
3298,경상남도,합천군,81,88
3299,경상남도,합천군,81,87
3300,경상남도,합천군,82,84
3301,경상남도,합천군,83,83
3302,경상남도,합천군,83,84
3303,경상남도,합천군,85,85
3304,경상남도,합천군,84,84
3305,경상남도,합천군,83,83
3306,경상남도,합천군,82,83
3307,경상남도,합천군,81,81
3308,경상남도,합천군,81,80
3309,경상남도,합천군,79,81
3310,경상남도,합천군,79,83
3311,경상남도,합천군,81,83
3312,제주특별자치도,,52,38
3313,제주특별자치도,제주시,53,38
3314,제주특별자치도,제주시,48,36
3315,제주특별자치도,제주시,49,37
3316,제주특별자치도,제주시,59,38
3317,제주특별자치도,제주시,55,39
3318,제주특별자치도,제주시,46,35
3319,제주특별자치도,제주시,48,48
3320,제주특별자치도,제주시,60,38
3321,제주특별자치도,제주시,53,38
3322,제주특별자치도,제주시,53,38
3323,제주특별자치도,제주시,53,38
3324,제주특별자치도,제주시,53,38
3325,제주특별자치도,제주시,53,38
3326,제주특별자치도,제주시,53,38
3327,제주특별자치도,제주시,52,38
3328,제주특별자치도,제주시,52,38
3329,제주특별자치도,제주시,53,38
3330,제주특별자치도,제주시,53,38
3331,제주특별자치도,제주시,54,38
3332,제주특별자치도,제주시,54,38
3333,제주특별자치도,제주시,53,37
3334,제주특별자치도,제주시,52,38
3335,제주특별자치도,제주시,52,38
3336,제주특별자치도,제주시,52,38
3337,제주특별자치도,제주시,51,38
3338,제주특별자치도,제주시,51,38
3339,제주특별자치도,제주시,52,38
3340,제주특별자치도,서귀포시,52,33
3341,제주특별자치도,서귀포시,48,32
3342,제주특별자치도,서귀포시,56,33
3343,제주특별자치도,서귀포시,60,37
3344,제주특별자치도,서귀포시,49,32
3345,제주특별자치도,서귀포시,58,34
3346,제주특별자치도,서귀포시,53,32
3347,제주특별자치도,서귀포시,53,32
3348,제주특별자치도,서귀포시,53,32
3349,제주특별자치도,서귀포시,53,32
3350,제주특별자치도,서귀포시,54,33
3351,제주특별자치도,서귀포시,54,33
3352,제주특별자치도,서귀포시,53,33
3353,제주특별자치도,서귀포시,53,33
3354,제주특별자치도,서귀포시,52,32
3355,제주특별자치도,서귀포시,52,32
3356,제주특별자치도,서귀포시,51,32
3357,제주특별자치도,서귀포시,50,32
3358,이어도,,28,8
3359,이어도,,28,8
3360,강원특별자치도,,73,134
3361,강원특별자치도,춘천시,73,134
3362,강원특별자치도,춘천시,73,135
3363,강원특별자치도,춘천시,73,134
3364,강원특별자치도,춘천시,74,131
3365,강원특별자치도,춘천시,72,132
3366,강원특별자치도,춘천시,70,130
3367,강원특별자치도,춘천시,72,134
3368,강원특별자치도,춘천시,71,137
3369,강원특별자치도,춘천시,75,136
3370,강원특별자치도,춘천시,73,133
3371,강원특별자치도,춘천시,71,132
3372,강원특별자치도,춘천시,73,134
3373,강원특별자치도,춘천시,73,134
3374,강원특별자치도,춘천시,73,134
3375,강원특별자치도,춘천시,72,134
3376,강원특별자치도,춘천시,73,134
3377,강원특별자치도,춘천시,73,134
3378,강원특별자치도,춘천시,73,134
3379,강원특별자치도,춘천시,73,134
3380,강원특별자치도,춘천시,73,133
3381,강원특별자치도,춘천시,73,133
3382,강원특별자치도,춘천시,73,134
3383,강원특별자치도,춘천시,73,133
3384,강원특별자치도,춘천시,73,133
3385,강원특별자치도,춘천시,72,133
3386,강원특별자치도,춘천시,73,134
3387,강원특별자치도,원주시,76,122
3388,강원특별자치도,원주시,74,121
3389,강원특별자치도,원주시,78,124
3390,강원특별자치도,원주시,76,124
3391,강원특별자치도,원주시,75,122
3392,강원특별자치도,원주시,73,119
3393,강원특별자치도,원주시,76,118
3394,강원특별자치도,원주시,76,121
3395,강원특별자치도,원주시,78,121
3396,강원특별자치도,원주시,79,120
3397,강원특별자치도,원주시,77,122
3398,강원특별자치도,원주시,77,122
3399,강원특별자치도,원주시,77,122
3400,강원특별자치도,원주시,77,122
3401,강원특별자치도,원주시,77,122
3402,강원특별자치도,원주시,77,122
3403,강원특별자치도,원주시,77,122
3404,강원특별자치도,원주시,77,122
3405,강원특별자치도,원주시,76,122
3406,강원특별자치도,원주시,76,123
3407,강원특별자치도,원주시,77,122
3408,강원특별자치도,원주시,77,123
3409,강원특별자치도,원주시,77,122
3410,강원특별자치도,원주시,77,122
3411,강원특별자치도,원주시,76,122
3412,강원특별자치도,원주시,77,122
3413,강원특별자치도,강릉시,92,131
3414,강원특별자치도,강릉시,91,134
3415,강원특별자치도,강릉시,92,131
3416,강원특별자치도,강릉시,92,130
3417,강원특별자치도,강릉시,92,131
3418,강원특별자치도,강릉시,94,131
3419,강원특별자치도,강릉시,95,129
3420,강원특별자치도,강릉시,92,133
3421,강원특별자치도,강릉시,92,134
3422,강원특별자치도,강릉시,92,131
3423,강원특별자치도,강릉시,93,132
3424,강원특별자치도,강릉시,93,132
3425,강원특별자치도,강릉시,92,132
3426,강원특별자치도,강릉시,93,132
3427,강원특별자치도,강릉시,93,132
3428,강원특별자치도,강릉시,93,132
3429,강원특별자치도,강릉시,93,132
3430,강원특별자치도,강릉시,93,132
3431,강원특별자치도,강릉시,92,131
3432,강원특별자치도,강릉시,93,131
3433,강원특별자치도,강릉시,93,132
3434,강원특별자치도,강릉시,92,132
3435,강원특별자치도,동해시,97,127
3436,강원특별자치도,동해시,97,127
3437,강원특별자치도,동해시,97,126
3438,강원특별자치도,동해시,97,126
3439,강원특별자치도,동해시,96,127
3440,강원특별자치도,동해시,96,127
3441,강원특별자치도,동해시,96,127
3442,강원특별자치도,동해시,97,127
3443,강원특별자치도,동해시,97,126
3444,강원특별자치도,동해시,96,127
3445,강원특별자치도,동해시,96,126
3446,강원특별자치도,태백시,95,119
3447,강원특별자치도,태백시,95,119
3448,강원특별자치도,태백시,95,119
3449,강원특별자치도,태백시,95,119
3450,강원특별자치도,태백시,95,119
3451,강원특별자치도,태백시,94,118
3452,강원특별자치도,태백시,95,117
3453,강원특별자치도,태백시,95,117
3454,강원특별자치도,태백시,96,118
3455,강원특별자치도,속초시,87,141
3456,강원특별자치도,속초시,87,141
3457,강원특별자치도,속초시,87,141
3458,강원특별자치도,속초시,87,141
3459,강원특별자치도,속초시,87,141
3460,강원특별자치도,속초시,87,141
3461,강원특별자치도,속초시,87,141
3462,강원특별자치도,속초시,87,141
3463,강원특별자치도,속초시,87,140
3464,강원특별자치도,삼척시,98,125
3465,강원특별자치도,삼척시,96,120
3466,강원특별자치도,삼척시,101,119
3467,강원특별자치도,삼척시,99,124
3468,강원특별자치도,삼척시,94,123
3469,강원특별자치도,삼척시,98,123
3470,강원특별자치도,삼척시,97,124
3471,강원특별자치도,삼척시,98,119
3472,강원특별자치도,삼척시,96,123
3473,강원특별자치도,삼척시,98,125
3474,강원특별자치도,삼척시,98,125
3475,강원특별자치도,삼척시,98,125
3476,강원특별자치도,삼척시,97,125
3477,강원특별자치도,홍천군,75,130
3478,강원특별자치도,홍천군,75,130
3479,강원특별자치도,홍천군,77,131
3480,강원특별자치도,홍천군,78,134
3481,강원특별자치도,홍천군,79,132
3482,강원특별자치도,홍천군,81,130
3483,강원특별자치도,홍천군,76,129
3484,강원특별자치도,홍천군,73,128
3485,강원특별자치도,홍천군,72,129
3486,강원특별자치도,홍천군,75,130
3487,강원특별자치도,홍천군,84,132
3488,강원특별자치도,횡성군,77,125
3489,강원특별자치도,횡성군,77,125
3490,강원특별자치도,횡성군,79,125
3491,강원특별자치도,횡성군,80,124
3492,강원특별자치도,횡성군,81,126
3493,강원특별자치도,횡성군,79,127
3494,강원특별자치도,횡성군,80,127
3495,강원특별자치도,횡성군,77,126
3496,강원특별자치도,횡성군,75,125
3497,강원특별자치도,횡성군,80,123
3498,강원특별자치도,영월군,86,119
3499,강원특별자치도,영월군,86,119
3500,강원특별자치도,영월군,92,118
3501,강원특별자치도,영월군,89,118
3502,강원특별자치도,영월군,88,118
3503,강원특별자치도,영월군,85,120
3504,강원특별자치도,영월군,85,119
3505,강원특별자치도,영월군,83,120
3506,강원특별자치도,영월군,82,121
3507,강원특별자치도,영월군,82,121
3508,강원특별자치도,평창군,84,123
3509,강원특별자치도,평창군,84,123
3510,강원특별자치도,평창군,86,122
3511,강원특별자치도,평창군,84,124
3512,강원특별자치도,평창군,85,126
3513,강원특별자치도,평창군,84,128
3514,강원특별자치도,평창군,85,128
3515,강원특별자치도,평창군,87,129
3516,강원특별자치도,평창군,89,130
3517,강원특별자치도,정선군,89,123
3518,강원특별자치도,정선군,89,123
3519,강원특별자치도,정선군,92,120
3520,강원특별자치도,정선군,92,120
3521,강원특별자치도,정선군,89,120
3522,강원특별자치도,정선군,90,121
3523,강원특별자치도,정선군,89,125
3524,강원특별자치도,정선군,92,126
3525,강원특별자치도,정선군,91,123
3526,강원특별자치도,정선군,90,125
3527,강원특별자치도,철원군,65,139
3528,강원특별자치도,철원군,64,141
3529,강원특별자치도,철원군,67,142
3530,강원특별자치도,철원군,65,139
3531,강원특별자치도,철원군,64,141
3532,강원특별자치도,철원군,67,140
3533,강원특별자치도,철원군,68,141
3534,강원특별자치도,철원군,67,143
3535,강원특별자치도,철원군,69,143
3536,강원특별자치도,철원군,73,143
3537,강원특별자치도,철원군,71,143
3538,강원특별자치도,철원군,75,143
3539,강원특별자치도,화천군,72,139
3540,강원특별자치도,화천군,72,139
3541,강원특별자치도,화천군,74,137
3542,강원특별자치도,화천군,71,138
3543,강원특별자치도,화천군,71,140
3544,강원특별자치도,화천군,69,138
3545,강원특별자치도,양구군,77,139
3546,강원특별자치도,양구군,77,139
3547,강원특별자치도,양구군,78,139
3548,강원특별자치도,양구군,78,141
3549,강원특별자치도,양구군,76,141
3550,강원특별자치도,양구군,79,143
3551,강원특별자치도,인제군,80,138
3552,강원특별자치도,인제군,80,138
3553,강원특별자치도,인제군,79,136
3554,강원특별자치도,인제군,81,139
3555,강원특별자치도,인제군,83,136
3556,강원특별자치도,인제군,81,141
3557,강원특별자치도,인제군,82,134
3558,강원특별자치도,고성군,85,145
3559,강원특별자치도,고성군,85,145
3560,강원특별자치도,고성군,85,146
3561,강원특별자치도,고성군,84,147
3562,강원특별자치도,고성군,86,144
3563,강원특별자치도,고성군,87,142
3564,강원특별자치도,고성군,82,146
3565,강원특별자치도,양양군,88,138
3566,강원특별자치도,양양군,88,138
3567,강원특별자치도,양양군,87,138
3568,강원특별자치도,양양군,88,138
3569,강원특별자치도,양양군,89,137
3570,강원특별자치도,양양군,90,136
3571,강원특별자치도,양양군,87,140
3572,전북특별자치도,,63,89
3573,전북특별자치도,전주시완산구,63,89
3574,전북특별자치도,전주시완산구,63,89
3575,전북특별자치도,전주시완산구,63,89
3576,전북특별자치도,전주시완산구,63,89
3577,전북특별자치도,전주시완산구,63,88
3578,전북특별자치도,전주시완산구,63,89
3579,전북특별자치도,전주시완산구,63,88
3580,전북특별자치도,전주시완산구,63,89
3581,전북특별자치도,전주시완산구,63,89
3582,전북특별자치도,전주시완산구,63,89
3583,전북특별자치도,전주시완산구,63,88
3584,전북특별자치도,전주시완산구,63,88
3585,전북특별자치도,전주시완산구,63,88
3586,전북특별자치도,전주시완산구,63,88
3587,전북특별자치도,전주시완산구,63,88
3588,전북특별자치도,전주시완산구,63,88
3589,전북특별자치도,전주시완산구,63,88
3590,전북특별자치도,전주시완산구,63,88
3591,전북특별자치도,전주시완산구,62,89
3592,전북특별자치도,전주시완산구,63,89
3593,전북특별자치도,전주시덕진구,63,89
3594,전북특별자치도,전주시덕진구,63,89
3595,전북특별자치도,전주시덕진구,63,89
3596,전북특별자치도,전주시덕진구,63,89
3597,전북특별자치도,전주시덕진구,64,89
3598,전북특별자치도,전주시덕진구,63,89
3599,전북특별자치도,전주시덕진구,63,89
3600,전북특별자치도,전주시덕진구,63,89
3601,전북특별자치도,전주시덕진구,63,89
3602,전북특별자치도,전주시덕진구,64,89
3603,전북특별자치도,전주시덕진구,64,89
3604,전북특별자치도,전주시덕진구,63,90
3605,전북특별자치도,전주시덕진구,63,90
3606,전북특별자치도,전주시덕진구,63,90
3607,전북특별자치도,전주시덕진구,62,90
3608,전북특별자치도,전주시덕진구,62,90
3609,전북특별자치도,전주시덕진구,62,89
3610,전북특별자치도,군산시,56,92
3611,전북특별자치도,군산시,55,91
3612,전북특별자치도,군산시,56,91
3613,전북특별자치도,군산시,56,91
3614,전북특별자치도,군산시,58,92
3615,전북특별자치도,군산시,58,92
3616,전북특별자치도,군산시,57,91
3617,전북특별자치도,군산시,57,92
3618,전북특별자치도,군산시,57,92
3619,전북특별자치도,군산시,58,93
3620,전북특별자치도,군산시,43,95
3621,전북특별자치도,군산시,54,91
3622,전북특별자치도,군산시,55,92
3623,전북특별자치도,군산시,56,92
3624,전북특별자치도,군산시,55,92
3625,전북특별자치도,군산시,56,92
3626,전북특별자치도,군산시,56,92
3627,전북특별자치도,군산시,56,92
3628,전북특별자치도,군산시,56,92
3629,전북특별자치도,군산시,56,92
3630,전북특별자치도,군산시,56,92
3631,전북특별자치도,군산시,56,92
3632,전북특별자치도,군산시,56,92
3633,전북특별자치도,군산시,55,92
3634,전북특별자치도,군산시,55,92
3635,전북특별자치도,군산시,55,92
3636,전북특별자치도,군산시,55,92
3637,전북특별자치도,군산시,55,92
3638,전북특별자치도,익산시,60,91
3639,전북특별자치도,익산시,60,94
3640,전북특별자치도,익산시,59,91
3641,전북특별자치도,익산시,60,93
3642,전북특별자치도,익산시,59,94
3643,전북특별자치도,익산시,58,94
3644,전북특별자치도,익산시,59,95
3645,전북특별자치도,익산시,60,95
3646,전북특별자치도,익산시,61,94
3647,전북특별자치도,익산시,61,96
3648,전북특별자치도,익산시,62,94
3649,전북특별자치도,익산시,62,92
3650,전북특별자치도,익산시,62,92
3651,전북특별자치도,익산시,61,90
3652,전북특별자치도,익산시,60,93
3653,전북특별자치도,익산시,60,95
3654,전북특별자치도,익산시,60,91
3655,전북특별자치도,익산시,60,91
3656,전북특별자치도,익산시,60,91
3657,전북특별자치도,익산시,60,91
3658,전북특별자치도,익산시,60,91
3659,전북특별자치도,익산시,60,92
3660,전북특별자치도,익산시,60,91
3661,전북특별자치도,익산시,60,91
3662,전북특별자치도,익산시,60,92
3663,전북특별자치도,익산시,60,92
3664,전북특별자치도,익산시,60,92
3665,전북특별자치도,익산시,60,92
3666,전북특별자치도,익산시,61,92
3667,전북특별자치도,익산시,60,92
3668,전북특별자치도,정읍시,58,83
3669,전북특별자치도,정읍시,59,86
3670,전북특별자치도,정읍시,59,84
3671,전북특별자치도,정읍시,57,82
3672,전북특별자치도,정읍시,57,83
3673,전북특별자치도,정읍시,57,84
3674,전북특별자치도,정읍시,57,85
3675,전북특별자치도,정읍시,58,84
3676,전북특별자치도,정읍시,58,85
3677,전북특별자치도,정읍시,59,85
3678,전북특별자치도,정읍시,60,85
3679,전북특별자치도,정읍시,59,86
3680,전북특별자치도,정읍시,60,85
3681,전북특별자치도,정읍시,61,84
3682,전북특별자치도,정읍시,61,83
3683,전북특별자치도,정읍시,61,84
3684,전북특별자치도,정읍시,58,83
3685,전북특별자치도,정읍시,58,83
3686,전북특별자치도,정읍시,58,83
3687,전북특별자치도,정읍시,58,83
3688,전북특별자치도,정읍시,58,83
3689,전북특별자치도,정읍시,58,83
3690,전북특별자치도,정읍시,58,84
3691,전북특별자치도,정읍시,58,83
3692,전북특별자치도,남원시,68,80
3693,전북특별자치도,남원시,70,81
3694,전북특별자치도,남원시,69,79
3695,전북특별자치도,남원시,67,78
3696,전북특별자치도,남원시,67,79
3697,전북특별자치도,남원시,67,79
3698,전북특별자치도,남원시,66,79
3699,전북특별자치도,남원시,65,78
3700,전북특별자치도,남원시,67,80
3701,전북특별자치도,남원시,67,82
3702,전북특별자치도,남원시,67,82
3703,전북특별자치도,남원시,68,82
3704,전북특별자치도,남원시,69,82
3705,전북특별자치도,남원시,69,80
3706,전북특별자치도,남원시,72,82
3707,전북특별자치도,남원시,72,80
3708,전북특별자치도,남원시,71,81
3709,전북특별자치도,남원시,68,80
3710,전북특별자치도,남원시,68,80
3711,전북특별자치도,남원시,68,80
3712,전북특별자치도,남원시,67,80
3713,전북특별자치도,남원시,67,80
3714,전북특별자치도,남원시,68,80
3715,전북특별자치도,남원시,68,80
3716,전북특별자치도,김제시,59,88
3717,전북특별자치도,김제시,58,89
3718,전북특별자치도,김제시,57,88
3719,전북특별자치도,김제시,59,89
3720,전북특별자치도,김제시,60,89
3721,전북특별자치도,김제시,60,90
3722,전북특별자치도,김제시,58,87
3723,전북특별자치도,김제시,59,90
3724,전북특별자치도,김제시,58,90
3725,전북특별자치도,김제시,57,89
3726,전북특별자치도,김제시,57,90
3727,전북특별자치도,김제시,61,88
3728,전북특별자치도,김제시,60,87
3729,전북특별자치도,김제시,60,88
3730,전북특별자치도,김제시,61,86
3731,전북특별자치도,김제시,56,89
3732,전북특별자치도,김제시,59,88
3733,전북특별자치도,김제시,59,88
3734,전북특별자치도,김제시,59,88
3735,전북특별자치도,김제시,59,88
3736,전북특별자치도,완주군,63,89
3737,전북특별자치도,완주군,62,91
3738,전북특별자치도,완주군,64,91
3739,전북특별자치도,완주군,63,90
3740,전북특별자치도,완주군,64,88
3741,전북특별자치도,완주군,61,89
3742,전북특별자치도,완주군,65,90
3743,전북특별자치도,완주군,63,87
3744,전북특별자치도,완주군,64,92
3745,전북특별자치도,완주군,63,93
3746,전북특별자치도,완주군,66,95
3747,전북특별자치도,완주군,64,93
3748,전북특별자치도,완주군,66,91
3749,전북특별자치도,완주군,65,93
3750,전북특별자치도,진안군,68,88
3751,전북특별자치도,진안군,68,88
3752,전북특별자치도,진안군,70,92
3753,전북특별자치도,진안군,70,91
3754,전북특별자치도,진안군,71,89
3755,전북특별자치도,진안군,69,89
3756,전북특별자치도,진안군,68,86
3757,전북특별자치도,진안군,66,86
3758,전북특별자치도,진안군,67,87
3759,전북특별자치도,진안군,67,89
3760,전북특별자치도,진안군,68,90
3761,전북특별자치도,진안군,68,92
3762,전북특별자치도,무주군,72,93
3763,전북특별자치도,무주군,72,93
3764,전북특별자치도,무주군,76,92
3765,전북특별자치도,무주군,75,93
3766,전북특별자치도,무주군,72,92
3767,전북특별자치도,무주군,72,90
3768,전북특별자치도,무주군,71,92
3769,전북특별자치도,장수군,70,85
3770,전북특별자치도,장수군,70,85
3771,전북특별자치도,장수군,68,84
3772,전북특별자치도,장수군,70,83
3773,전북특별자치도,장수군,71,87
3774,전북특별자치도,장수군,70,87
3775,전북특별자치도,장수군,71,86
3776,전북특별자치도,장수군,72,88
3777,전북특별자치도,임실군,66,84
3778,전북특별자치도,임실군,66,84
3779,전북특별자치도,임실군,64,83
3780,전북특별자치도,임실군,63,85
3781,전북특별자치도,임실군,65,85
3782,전북특별자치도,임실군,67,85
3783,전북특별자치도,임실군,67,83
3784,전북특별자치도,임실군,64,86
3785,전북특별자치도,임실군,66,82
3786,전북특별자치도,임실군,66,86
3787,전북특별자치도,임실군,64,82
3788,전북특별자치도,임실군,64,82
3789,전북특별자치도,임실군,67,83
3790,전북특별자치도,순창군,63,79
3791,전북특별자치도,순창군,63,79
3792,전북특별자치도,순창군,63,80
3793,전북특별자치도,순창군,65,81
3794,전북특별자치도,순창군,63,78
3795,전북특별자치도,순창군,62,78
3796,전북특별자치도,순창군,63,79
3797,전북특별자치도,순창군,61,82
3798,전북특별자치도,순창군,60,80
3799,전북특별자치도,순창군,65,80
3800,전북특별자치도,순창군,64,79
3801,전북특별자치도,순창군,63,81
3802,전북특별자치도,고창군,56,80
3803,전북특별자치도,고창군,56,80
3804,전북특별자치도,고창군,55,80
3805,전북특별자치도,고창군,54,80
3806,전북특별자치도,고창군,53,80
3807,전북특별자치도,고창군,52,79
3808,전북특별자치도,고창군,52,80
3809,전북특별자치도,고창군,53,81
3810,전북특별자치도,고창군,55,79
3811,전북특별자치도,고창군,54,78
3812,전북특별자치도,고창군,53,82
3813,전북특별자치도,고창군,56,82
3814,전북특별자치도,고창군,56,83
3815,전북특별자치도,고창군,56,81
3816,전북특별자치도,고창군,55,82
3817,전북특별자치도,부안군,56,87
3818,전북특별자치도,부안군,56,87
3819,전북특별자치도,부안군,56,85
3820,전북특별자치도,부안군,56,87
3821,전북특별자치도,부안군,56,87
3822,전북특별자치도,부안군,55,87
3823,전북특별자치도,부안군,55,84
3824,전북특별자치도,부안군,52,85
3825,전북특별자치도,부안군,54,84
3826,전북특별자치도,부안군,57,86
3827,전북특별자치도,부안군,55,86
3828,전북특별자치도,부안군,55,86
3829,전북특별자치도,부안군,55,84
3830,전북특별자치도,부안군,48,84
,,,,
,,,,
,,,,
,,,,
,,,,
,,,,
,,,,
,,,,
,,,,
,,,,
,,,,
,,,,
,,,,
,,,,
,,,,
,,,,
,,,,
,,,,
,,,,
,,,,
,,,,
,,,,
,,,,
,,,,
,,,,
,,,,
,,,,
,,,,
,,,,
,,,,
,,,,
